<?xml version = '1.0' encoding = 'UTF-8'?>
<Table class="oracle.dbtools.crest.model.design.relational.Table" directorySegmentName="seg_0" id="083B687E-C331-DC3A-6B57-27B7333E9EA0" name="Relation_9">
<createdBy>cabre</createdBy>
<createdTime>2021-03-26 16:21:30 UTC</createdTime>
<ownerDesignName>modelo</ownerDesignName>
<allowColumnReorder>false</allowColumnReorder>
<existDependencyGenerateInDDl>true</existDependencyGenerateInDDl>
<parsed>true</parsed>
<columns itemClass="oracle.dbtools.crest.model.design.relational.Column">
<Column name="Encuesta_Fecha_de_envío" id="C07807B3-30EE-EBAB-16E7-340F9FC95900">
<createdBy>cabre</createdBy>
<createdTime>2021-03-26 16:21:30 UTC</createdTime>
<ownerDesignName>modelo</ownerDesignName>
<useDomainConstraints>false</useDomainConstraints>
<use>1</use>
<logicalDatatype>91229484-D19C-D458-8647-333C7FFE7B60</logicalDatatype>
<ownDataTypeParameters>,,</ownDataTypeParameters>
<previousColumn>false</previousColumn>
<autoIncrementCycle>false</autoIncrementCycle>
<associations>
<colAssociation fkAssociation="B2113BA2-4C0E-924B-4CAF-329BEF43ABE8" referredColumn="955C71E1-76E0-5A65-8FBC-3A950BADB3B9"/>
</associations>
</Column>
<Column name="Grupos_por_asignatura_Curso_Academico" id="FFFFF727-2B22-19F7-F393-6888E232D5B8">
<createdBy>cabre</createdBy>
<createdTime>2021-03-26 16:21:30 UTC</createdTime>
<ownerDesignName>modelo</ownerDesignName>
<useDomainConstraints>false</useDomainConstraints>
<use>1</use>
<logicalDatatype>LOGDT019</logicalDatatype>
<ownDataTypeParameters>,,</ownDataTypeParameters>
<previousColumn>false</previousColumn>
<autoIncrementCycle>false</autoIncrementCycle>
<associations>
<colAssociation fkAssociation="525E96CB-3B2B-B760-CFE4-AD76ED3C5CF6" referredColumn="0183F554-F4CD-94FC-6E5F-5AB84AB7B2DC"/>
</associations>
</Column>
<Column name="Grupos_por_asignatura_Grupo_ID" id="391A309F-584E-9A4B-D624-DE6632BDD471">
<createdBy>cabre</createdBy>
<createdTime>2021-03-26 16:21:30 UTC</createdTime>
<ownerDesignName>modelo</ownerDesignName>
<useDomainConstraints>false</useDomainConstraints>
<use>1</use>
<logicalDatatype>LOGDT024</logicalDatatype>
<dataTypeSize>20</dataTypeSize>
<ownDataTypeParameters>,,</ownDataTypeParameters>
<previousColumn>false</previousColumn>
<autoIncrementCycle>false</autoIncrementCycle>
<associations>
<colAssociation fkAssociation="525E96CB-3B2B-B760-CFE4-AD76ED3C5CF6" referredColumn="8ADD4790-56CC-AEF8-B2A2-95CF8452B0A8"/>
</associations>
</Column>
<Column name="Grupos_por_asignatura_Asignatura_Referencia" id="35DC4BE3-74DD-5CDB-9950-4168D67F5AE4">
<createdBy>cabre</createdBy>
<createdTime>2021-03-26 16:21:30 UTC</createdTime>
<ownerDesignName>modelo</ownerDesignName>
<useDomainConstraints>false</useDomainConstraints>
<use>1</use>
<logicalDatatype>LOGDT019</logicalDatatype>
<ownDataTypeParameters>,,</ownDataTypeParameters>
<previousColumn>false</previousColumn>
<autoIncrementCycle>false</autoIncrementCycle>
<associations>
<colAssociation fkAssociation="525E96CB-3B2B-B760-CFE4-AD76ED3C5CF6" referredColumn="76EC768B-DD9E-7648-FE41-BF9E66EA1485"/>
</associations>
</Column>
</columns>
<indexes itemClass="oracle.dbtools.crest.model.design.relational.Index">
<ind_PK_UK id="888C4736-338E-0CF0-EA6C-6CA3289335E4" name="Relation_9_PK">
<createdBy>cabre</createdBy>
<createdTime>2021-03-26 16:21:30 UTC</createdTime>
<ownerDesignName>modelo</ownerDesignName>
<pk>true</pk>
<indexState>Primary Constraint</indexState>
<isSurrogateKey>false</isSurrogateKey>
<indexColumnUsage>
<colUsage columnID="C07807B3-30EE-EBAB-16E7-340F9FC95900"/>
<colUsage columnID="FFFFF727-2B22-19F7-F393-6888E232D5B8"/>
<colUsage columnID="391A309F-584E-9A4B-D624-DE6632BDD471"/>
<colUsage columnID="35DC4BE3-74DD-5CDB-9950-4168D67F5AE4"/>
</indexColumnUsage>
</ind_PK_UK>
<ind_PK_UK id="FA550D90-FADA-3424-2F62-02D12EB57438" name="Relation_9_Encuesta_FK">
<createdBy>cabre</createdBy>
<createdTime>2021-03-26 16:21:30 UTC</createdTime>
<generatorID>81291B25-B3A3-8DCF-E525-680DB5CAB347</generatorID>
<ownerDesignName>modelo</ownerDesignName>
<indexState>Foreign Key</indexState>
<isSurrogateKey>false</isSurrogateKey>
<indexColumnUsage>
<colUsage columnID="C07807B3-30EE-EBAB-16E7-340F9FC95900"/>
</indexColumnUsage>
</ind_PK_UK>
<ind_PK_UK id="A856AE46-1A2F-3C98-4E4F-7E35EB96E192" name="Relation_9_Grupos_por_asignatura_FK">
<createdBy>cabre</createdBy>
<createdTime>2021-03-26 16:21:30 UTC</createdTime>
<generatorID>81291B25-B3A3-8DCF-E525-680DB5CAB347</generatorID>
<ownerDesignName>modelo</ownerDesignName>
<indexState>Foreign Key</indexState>
<isSurrogateKey>false</isSurrogateKey>
<indexColumnUsage>
<colUsage columnID="FFFFF727-2B22-19F7-F393-6888E232D5B8"/>
<colUsage columnID="391A309F-584E-9A4B-D624-DE6632BDD471"/>
<colUsage columnID="35DC4BE3-74DD-5CDB-9950-4168D67F5AE4"/>
</indexColumnUsage>
</ind_PK_UK>
</indexes>
</Table>