<?xml version = '1.0' encoding = 'UTF-8'?>
<Table class="oracle.dbtools.crest.model.design.relational.Table" directorySegmentName="seg_0" id="25934634-367C-3EA7-ECEF-A278E578A14F" name="Encuesta">
<createdBy>cabre</createdBy>
<createdTime>2021-03-26 16:21:30 UTC</createdTime>
<generatorID>CA77D434-412A-F3B2-D024-70B9C8E7E326</generatorID>
<ownerDesignName>modelo</ownerDesignName>
<allowColumnReorder>false</allowColumnReorder>
<existDependencyGenerateInDDl>true</existDependencyGenerateInDDl>
<parsed>true</parsed>
<columns itemClass="oracle.dbtools.crest.model.design.relational.Column">
<Column name="Fecha_de_envío" id="955C71E1-76E0-5A65-8FBC-3A950BADB3B9">
<createdBy>cabre</createdBy>
<createdTime>2021-03-26 16:21:30 UTC</createdTime>
<generatorID>94456554-9690-1ABB-AA6E-C9153533781D</generatorID>
<ownerDesignName>modelo</ownerDesignName>
<useDomainConstraints>false</useDomainConstraints>
<use>1</use>
<logicalDatatype>91229484-D19C-D458-8647-333C7FFE7B60</logicalDatatype>
<ownDataTypeParameters>,,</ownDataTypeParameters>
<autoIncrementCycle>false</autoIncrementCycle>
</Column>
<Column name="Expediente_Num_Expediente" id="EB823406-EE4C-281A-82B7-A3672EA3812B">
<createdBy>cabre</createdBy>
<createdTime>2021-03-26 16:21:30 UTC</createdTime>
<generatorID>C5DE8CC7-5BEC-B6FA-6263-C4EDF19F31EA</generatorID>
<ownerDesignName>modelo</ownerDesignName>
<useDomainConstraints>false</useDomainConstraints>
<use>1</use>
<logicalDatatype>LOGDT019</logicalDatatype>
<ownDataTypeParameters>,,</ownDataTypeParameters>
<previousColumn>false</previousColumn>
<autoIncrementCycle>false</autoIncrementCycle>
<associations>
<colAssociation fkAssociation="0595A525-0534-E135-27CC-1349C8A25C4D" referredColumn="11BDEF9E-C2A2-3FF3-D7E5-A98357997306"/>
</associations>
</Column>
</columns>
<indexes itemClass="oracle.dbtools.crest.model.design.relational.Index">
<ind_PK_UK id="5D25D987-114E-B97A-5705-7CC46DE25377" name="Encuesta_PK">
<createdBy>cabre</createdBy>
<createdTime>2021-03-26 16:21:30 UTC</createdTime>
<generatorID>EF43C822-C1B1-19D4-873A-F51DD86045D3</generatorID>
<ownerDesignName>modelo</ownerDesignName>
<pk>true</pk>
<indexState>Primary Constraint</indexState>
<isSurrogateKey>false</isSurrogateKey>
<indexColumnUsage>
<colUsage columnID="955C71E1-76E0-5A65-8FBC-3A950BADB3B9"/>
</indexColumnUsage>
</ind_PK_UK>
<ind_PK_UK id="D2980F55-C5BE-56B8-84E2-95D73CEE367A" name="Encuesta_Expediente_FK">
<createdBy>cabre</createdBy>
<createdTime>2021-03-26 16:21:30 UTC</createdTime>
<generatorID>14495378-8D71-A31A-AA46-BA8517EDBB5F</generatorID>
<ownerDesignName>modelo</ownerDesignName>
<indexState>Foreign Key</indexState>
<isSurrogateKey>false</isSurrogateKey>
<indexColumnUsage>
<colUsage columnID="EB823406-EE4C-281A-82B7-A3672EA3812B"/>
</indexColumnUsage>
</ind_PK_UK>
</indexes>
</Table>