<?xml version = '1.0' encoding = 'UTF-8'?>
<Table class="oracle.dbtools.crest.model.design.relational.Table" directorySegmentName="seg_0" id="532149AF-1294-5A60-B59D-F16974AD6D9F" name="Asignatura">
<createdBy>cabre</createdBy>
<createdTime>2021-03-26 16:21:30 UTC</createdTime>
<generatorID>17E2E98D-1086-5694-787F-15F74F6D24FB</generatorID>
<ownerDesignName>modelo</ownerDesignName>
<allowColumnReorder>false</allowColumnReorder>
<existDependencyGenerateInDDl>true</existDependencyGenerateInDDl>
<parsed>true</parsed>
<columns itemClass="oracle.dbtools.crest.model.design.relational.Column">
<Column name="Referencia" id="13DFAB02-271B-E911-61B1-9BF995351D31">
<createdBy>cabre</createdBy>
<createdTime>2021-03-26 16:21:30 UTC</createdTime>
<generatorID>3CD8D98C-13B8-0037-F1A0-8BF883195864</generatorID>
<ownerDesignName>modelo</ownerDesignName>
<useDomainConstraints>false</useDomainConstraints>
<use>1</use>
<logicalDatatype>LOGDT019</logicalDatatype>
<ownDataTypeParameters>,,</ownDataTypeParameters>
<autoIncrementCycle>false</autoIncrementCycle>
</Column>
<Column name="Código" id="783B639A-DAF6-4C04-E9FA-E04B39CEFD6D">
<createdBy>cabre</createdBy>
<createdTime>2021-03-26 16:21:30 UTC</createdTime>
<generatorID>E00F52FA-37A2-99CB-C685-FA54DBF5CBF4</generatorID>
<ownerDesignName>modelo</ownerDesignName>
<useDomainConstraints>false</useDomainConstraints>
<use>1</use>
<logicalDatatype>LOGDT019</logicalDatatype>
<ownDataTypeParameters>,,</ownDataTypeParameters>
<autoIncrementCycle>false</autoIncrementCycle>
</Column>
<Column name="Créditos" id="D49627E8-B16A-8C99-042F-8922BA64BB37">
<createdBy>cabre</createdBy>
<createdTime>2021-03-26 16:21:30 UTC</createdTime>
<generatorID>A70BA6EB-372F-1283-6119-77CBCEA8D5CE</generatorID>
<ownerDesignName>modelo</ownerDesignName>
<useDomainConstraints>false</useDomainConstraints>
<use>1</use>
<logicalDatatype>LOGDT026</logicalDatatype>
<dataTypePrecision>2</dataTypePrecision>
<ownDataTypeParameters>,2,</ownDataTypeParameters>
<autoIncrementCycle>false</autoIncrementCycle>
</Column>
<Column name="Ofertada" id="7CB6935D-5911-B25D-7FE7-5F8D73129E26">
<createdBy>cabre</createdBy>
<createdTime>2021-03-26 16:21:30 UTC</createdTime>
<generatorID>9AE05FB3-C87B-B535-2585-2BA2AF798837</generatorID>
<ownerDesignName>modelo</ownerDesignName>
<useDomainConstraints>false</useDomainConstraints>
<use>1</use>
<logicalDatatype>LOGDT006</logicalDatatype>
<dataTypeSize>1</dataTypeSize>
<ownDataTypeParameters>1,,</ownDataTypeParameters>
<autoIncrementCycle>false</autoIncrementCycle>
</Column>
<Column name="Nombre" id="FC32E678-46D3-CAD3-B514-119897F50A0E">
<createdBy>cabre</createdBy>
<createdTime>2021-03-26 16:21:30 UTC</createdTime>
<generatorID>4FCF9D2E-7B85-23D3-159D-70154ACAB039</generatorID>
<ownerDesignName>modelo</ownerDesignName>
<useDomainConstraints>false</useDomainConstraints>
<use>1</use>
<logicalDatatype>LOGDT024</logicalDatatype>
<dataTypeSize>100</dataTypeSize>
<ownDataTypeParameters>100,,</ownDataTypeParameters>
<autoIncrementCycle>false</autoIncrementCycle>
</Column>
<Column name="Curso" id="4002637E-15EC-5B04-2AA3-983956E9C59E">
<createdBy>cabre</createdBy>
<createdTime>2021-03-26 16:21:30 UTC</createdTime>
<generatorID>B9AE85EC-AF56-6CA0-7AD4-EC609BCFB0AC</generatorID>
<ownerDesignName>modelo</ownerDesignName>
<nullsAllowed>true</nullsAllowed>
<useDomainConstraints>false</useDomainConstraints>
<use>1</use>
<logicalDatatype>LOGDT019</logicalDatatype>
<ownDataTypeParameters>,,</ownDataTypeParameters>
<autoIncrementCycle>false</autoIncrementCycle>
</Column>
<Column name="Carácter" id="4F64CA27-47D3-2E75-EEBE-3513D4062415">
<createdBy>cabre</createdBy>
<createdTime>2021-03-26 16:21:30 UTC</createdTime>
<generatorID>8EFD112B-73D8-40DB-EA85-07C5CE4FCFBF</generatorID>
<ownerDesignName>modelo</ownerDesignName>
<nullsAllowed>true</nullsAllowed>
<useDomainConstraints>false</useDomainConstraints>
<use>1</use>
<logicalDatatype>LOGDT024</logicalDatatype>
<dataTypeSize>20</dataTypeSize>
<ownDataTypeParameters>20,,</ownDataTypeParameters>
<autoIncrementCycle>false</autoIncrementCycle>
</Column>
<Column name="Duración" id="B77E16A2-D858-17CA-BD9F-E5484CB86928">
<createdBy>cabre</createdBy>
<createdTime>2021-03-26 16:21:30 UTC</createdTime>
<generatorID>CBB2243C-2420-11FF-DF74-B872FA540138</generatorID>
<ownerDesignName>modelo</ownerDesignName>
<nullsAllowed>true</nullsAllowed>
<useDomainConstraints>false</useDomainConstraints>
<use>1</use>
<logicalDatatype>LOGDT024</logicalDatatype>
<dataTypeSize>20</dataTypeSize>
<ownDataTypeParameters>20,,</ownDataTypeParameters>
<autoIncrementCycle>false</autoIncrementCycle>
</Column>
<Column name="Unidad_Temporal(Cuatrimestre)" id="D7474E14-4E0C-CB69-B0A6-4BB2878C941B">
<createdBy>cabre</createdBy>
<createdTime>2021-03-26 16:21:30 UTC</createdTime>
<generatorID>AA9A4F37-D251-BB0D-C79B-3F14B88D9052</generatorID>
<ownerDesignName>modelo</ownerDesignName>
<nullsAllowed>true</nullsAllowed>
<useDomainConstraints>false</useDomainConstraints>
<use>1</use>
<logicalDatatype>LOGDT024</logicalDatatype>
<dataTypeSize>10</dataTypeSize>
<ownDataTypeParameters>10,,</ownDataTypeParameters>
<autoIncrementCycle>false</autoIncrementCycle>
</Column>
<Column name="Idiomas_de_impartición" id="8857B7CF-B712-C07D-13A7-44DD6B7DA17A">
<createdBy>cabre</createdBy>
<createdTime>2021-03-26 16:21:30 UTC</createdTime>
<generatorID>FCE645BC-AF0A-E8DC-DC71-CC26BABC90E8</generatorID>
<ownerDesignName>modelo</ownerDesignName>
<nullsAllowed>true</nullsAllowed>
<useDomainConstraints>false</useDomainConstraints>
<use>1</use>
<logicalDatatype>LOGDT024</logicalDatatype>
<dataTypeSize>20</dataTypeSize>
<ownDataTypeParameters>20,,</ownDataTypeParameters>
<autoIncrementCycle>false</autoIncrementCycle>
</Column>
<Column name="Titulación_Código" id="90223F35-E327-DFFD-A38E-881AFC529BCB">
<createdBy>cabre</createdBy>
<createdTime>2021-03-26 16:21:30 UTC</createdTime>
<generatorID>E86D35FB-D2B8-5AAD-40A2-6414EC794123</generatorID>
<ownerDesignName>modelo</ownerDesignName>
<useDomainConstraints>false</useDomainConstraints>
<use>1</use>
<logicalDatatype>LOGDT019</logicalDatatype>
<ownDataTypeParameters>,,</ownDataTypeParameters>
<previousColumn>false</previousColumn>
<autoIncrementCycle>false</autoIncrementCycle>
<associations>
<colAssociation fkAssociation="4E0DB076-CEA9-3B09-1749-D9F210000705" referredColumn="ACE57229-C9AA-51E2-2126-740C47D66A9D"/>
</associations>
</Column>
</columns>
<indexes itemClass="oracle.dbtools.crest.model.design.relational.Index">
<ind_PK_UK id="4796294C-42FD-EAEF-F9E6-C4A7696F7F77" name="Asignatura_PK">
<createdBy>cabre</createdBy>
<createdTime>2021-03-26 16:21:30 UTC</createdTime>
<generatorID>6CE5237A-9622-49B7-3778-9E4EC1C07251</generatorID>
<ownerDesignName>modelo</ownerDesignName>
<pk>true</pk>
<indexState>Primary Constraint</indexState>
<isSurrogateKey>false</isSurrogateKey>
<indexColumnUsage>
<colUsage columnID="13DFAB02-271B-E911-61B1-9BF995351D31"/>
</indexColumnUsage>
</ind_PK_UK>
<ind_PK_UK id="B23D1ADE-4CB8-0351-5C20-7FE7568FCE4B" name="Asignatura_Titulación_FK">
<createdBy>cabre</createdBy>
<createdTime>2021-03-26 16:21:30 UTC</createdTime>
<generatorID>73015F5F-14EF-4FD0-7188-2249A8189EDA</generatorID>
<ownerDesignName>modelo</ownerDesignName>
<indexState>Foreign Key</indexState>
<isSurrogateKey>false</isSurrogateKey>
<indexColumnUsage>
<colUsage columnID="90223F35-E327-DFFD-A38E-881AFC529BCB"/>
</indexColumnUsage>
</ind_PK_UK>
</indexes>
</Table>