<?xml version = '1.0' encoding = 'UTF-8'?>
<Table class="oracle.dbtools.crest.model.design.relational.Table" directorySegmentName="seg_0" id="7CFCAC0B-2B7B-B79D-5CFF-89A1B830CFDD" name="Relation_16">
<createdBy>cabre</createdBy>
<createdTime>2021-03-26 16:21:30 UTC</createdTime>
<ownerDesignName>modelo</ownerDesignName>
<allowColumnReorder>false</allowColumnReorder>
<existDependencyGenerateInDDl>true</existDependencyGenerateInDDl>
<parsed>true</parsed>
<columns itemClass="oracle.dbtools.crest.model.design.relational.Column">
<Column name="Titulación_Código" id="5DA08149-2F94-B28F-029B-0867FEC30400">
<createdBy>cabre</createdBy>
<createdTime>2021-03-26 16:21:30 UTC</createdTime>
<ownerDesignName>modelo</ownerDesignName>
<useDomainConstraints>false</useDomainConstraints>
<use>1</use>
<logicalDatatype>LOGDT019</logicalDatatype>
<ownDataTypeParameters>,,</ownDataTypeParameters>
<previousColumn>false</previousColumn>
<autoIncrementCycle>false</autoIncrementCycle>
<associations>
<colAssociation fkAssociation="1525571B-2132-D02E-B167-8885C5C20EF7" referredColumn="ACE57229-C9AA-51E2-2126-740C47D66A9D"/>
</associations>
</Column>
<Column name="Centro_Id" id="895E778A-D9B6-B7A2-6911-C1608160AF42">
<createdBy>cabre</createdBy>
<createdTime>2021-03-26 16:21:30 UTC</createdTime>
<ownerDesignName>modelo</ownerDesignName>
<useDomainConstraints>false</useDomainConstraints>
<use>1</use>
<logicalDatatype>LOGDT019</logicalDatatype>
<ownDataTypeParameters>,,</ownDataTypeParameters>
<previousColumn>false</previousColumn>
<autoIncrementCycle>false</autoIncrementCycle>
<associations>
<colAssociation fkAssociation="03D788DB-8EDB-C041-6C37-D56061E54058" referredColumn="4548CFF3-7798-9E92-AEC2-684DDD216809"/>
</associations>
</Column>
</columns>
<indexes itemClass="oracle.dbtools.crest.model.design.relational.Index">
<ind_PK_UK id="418CA21D-DD74-41BF-226E-A99E9749DBE7" name="Relation_16_PK">
<createdBy>cabre</createdBy>
<createdTime>2021-03-26 16:21:30 UTC</createdTime>
<ownerDesignName>modelo</ownerDesignName>
<pk>true</pk>
<indexState>Primary Constraint</indexState>
<isSurrogateKey>false</isSurrogateKey>
<indexColumnUsage>
<colUsage columnID="5DA08149-2F94-B28F-029B-0867FEC30400"/>
<colUsage columnID="895E778A-D9B6-B7A2-6911-C1608160AF42"/>
</indexColumnUsage>
</ind_PK_UK>
<ind_PK_UK id="8740877B-E033-377F-A8B2-478A4D236352" name="Relation_16_Titulación_FK">
<createdBy>cabre</createdBy>
<createdTime>2021-03-26 16:21:30 UTC</createdTime>
<generatorID>3845C690-130A-D7CC-BBFA-ACEA84BCD2E9</generatorID>
<ownerDesignName>modelo</ownerDesignName>
<indexState>Foreign Key</indexState>
<isSurrogateKey>false</isSurrogateKey>
<indexColumnUsage>
<colUsage columnID="5DA08149-2F94-B28F-029B-0867FEC30400"/>
</indexColumnUsage>
</ind_PK_UK>
<ind_PK_UK id="7AE20FD1-17F7-5D78-732D-98A22D110CE3" name="Relation_16_Centro_FK">
<createdBy>cabre</createdBy>
<createdTime>2021-03-26 16:21:30 UTC</createdTime>
<generatorID>3845C690-130A-D7CC-BBFA-ACEA84BCD2E9</generatorID>
<ownerDesignName>modelo</ownerDesignName>
<indexState>Foreign Key</indexState>
<isSurrogateKey>false</isSurrogateKey>
<indexColumnUsage>
<colUsage columnID="895E778A-D9B6-B7A2-6911-C1608160AF42"/>
</indexColumnUsage>
</ind_PK_UK>
</indexes>
</Table>