<?xml version = '1.0' encoding = 'UTF-8'?>
<Table class="oracle.dbtools.crest.model.design.relational.Table" directorySegmentName="seg_0" id="A9AA4A92-80FA-EC89-0D4D-C23969977A82" name="Optativa">
<createdBy>cabre</createdBy>
<createdTime>2021-03-26 16:21:30 UTC</createdTime>
<generatorID>18CD47C7-5190-F15E-156F-195C0DC27C48</generatorID>
<ownerDesignName>modelo</ownerDesignName>
<allowColumnReorder>false</allowColumnReorder>
<existDependencyGenerateInDDl>true</existDependencyGenerateInDDl>
<parsed>true</parsed>
<columns itemClass="oracle.dbtools.crest.model.design.relational.Column">
<Column name="Referencia" id="CB569CB2-1CE8-5F5D-46DF-D4497B5342A4">
<createdBy>cabre</createdBy>
<createdTime>2021-03-26 16:21:30 UTC</createdTime>
<generatorID>3CD8D98C-13B8-0037-F1A0-8BF883195864</generatorID>
<ownerDesignName>modelo</ownerDesignName>
<useDomainConstraints>false</useDomainConstraints>
<use>1</use>
<logicalDatatype>LOGDT019</logicalDatatype>
<ownDataTypeParameters>,,</ownDataTypeParameters>
<autoIncrementCycle>false</autoIncrementCycle>
<associations>
<colAssociation fkAssociation="9143AF38-8746-CE0B-5C1A-A3DD7179BE78" referredColumn="13DFAB02-271B-E911-61B1-9BF995351D31"/>
</associations>
</Column>
<Column name="Plazas" id="8EC50FC0-C974-34FC-DDB5-2F06C9F7B278">
<createdBy>cabre</createdBy>
<createdTime>2021-03-26 16:21:30 UTC</createdTime>
<generatorID>5DEE5B19-23EA-A89B-E789-5C71CCA7FC3F</generatorID>
<ownerDesignName>modelo</ownerDesignName>
<useDomainConstraints>false</useDomainConstraints>
<use>1</use>
<logicalDatatype>LOGDT019</logicalDatatype>
<ownDataTypeParameters>,,</ownDataTypeParameters>
<autoIncrementCycle>false</autoIncrementCycle>
</Column>
<Column name="Mención" id="8F6BC98C-9FA4-A1C3-E698-9F7511243F26">
<createdBy>cabre</createdBy>
<createdTime>2021-03-26 16:21:30 UTC</createdTime>
<generatorID>D57DF55A-12D5-FDBD-178C-3D60DD2038B9</generatorID>
<ownerDesignName>modelo</ownerDesignName>
<nullsAllowed>true</nullsAllowed>
<useDomainConstraints>false</useDomainConstraints>
<use>1</use>
<logicalDatatype>LOGDT024</logicalDatatype>
<dataTypeSize>50</dataTypeSize>
<ownDataTypeParameters>50,,</ownDataTypeParameters>
<autoIncrementCycle>false</autoIncrementCycle>
</Column>
</columns>
<indexes itemClass="oracle.dbtools.crest.model.design.relational.Index">
<ind_PK_UK id="90021340-8AD9-9A8A-6F4D-B9E06CCA8CCF" name="Optativa_PK">
<createdBy>cabre</createdBy>
<createdTime>2021-03-26 16:21:30 UTC</createdTime>
<generatorID>6CE5237A-9622-49B7-3778-9E4EC1C07251</generatorID>
<ownerDesignName>modelo</ownerDesignName>
<pk>true</pk>
<indexState>Primary Constraint</indexState>
<isSurrogateKey>false</isSurrogateKey>
<indexColumnUsage>
<colUsage columnID="CB569CB2-1CE8-5F5D-46DF-D4497B5342A4"/>
</indexColumnUsage>
</ind_PK_UK>
<ind_PK_UK id="7E2089D4-82EF-C9B2-684E-0E2D8134BA73" name="Optativa_Asignatura_FK">
<createdBy>cabre</createdBy>
<createdTime>2021-03-26 16:21:30 UTC</createdTime>
<generatorID>DAD9F9C9-8A65-31F9-5CB7-C8A0588B9D5D</generatorID>
<ownerDesignName>modelo</ownerDesignName>
<indexState>Foreign Key</indexState>
<isSurrogateKey>false</isSurrogateKey>
<indexColumnUsage>
<colUsage columnID="CB569CB2-1CE8-5F5D-46DF-D4497B5342A4"/>
</indexColumnUsage>
</ind_PK_UK>
</indexes>
</Table>