<?xml version = '1.0' encoding = 'UTF-8'?>
<Table class="oracle.dbtools.crest.model.design.relational.Table" directorySegmentName="seg_0" id="C7CF726E-2409-8007-AE49-45A9119811F1" name="Grupo">
<createdBy>cabre</createdBy>
<createdTime>2021-03-26 16:21:30 UTC</createdTime>
<generatorID>050E727D-2842-84E5-7758-C13AB2948C2B</generatorID>
<ownerDesignName>modelo</ownerDesignName>
<allowColumnReorder>false</allowColumnReorder>
<existDependencyGenerateInDDl>true</existDependencyGenerateInDDl>
<parsed>true</parsed>
<columns itemClass="oracle.dbtools.crest.model.design.relational.Column">
<Column name="ID" id="A5A23098-9C08-2294-E06E-EFA869AB5BB6">
<createdBy>cabre</createdBy>
<createdTime>2021-03-26 16:21:30 UTC</createdTime>
<generatorID>820FC7C3-8469-412C-0B85-6D75CA90851C</generatorID>
<ownerDesignName>modelo</ownerDesignName>
<useDomainConstraints>false</useDomainConstraints>
<use>1</use>
<logicalDatatype>LOGDT024</logicalDatatype>
<dataTypeSize>20</dataTypeSize>
<ownDataTypeParameters>20,,</ownDataTypeParameters>
<autoIncrementCycle>false</autoIncrementCycle>
</Column>
<Column name="Curso" id="C9139FE3-1A57-6F6A-1709-5940B9D7040F">
<createdBy>cabre</createdBy>
<createdTime>2021-03-26 16:21:30 UTC</createdTime>
<generatorID>F50531DB-0D86-00CA-C666-771EC343C6F7</generatorID>
<ownerDesignName>modelo</ownerDesignName>
<useDomainConstraints>false</useDomainConstraints>
<use>1</use>
<logicalDatatype>LOGDT019</logicalDatatype>
<ownDataTypeParameters>,,</ownDataTypeParameters>
<autoIncrementCycle>false</autoIncrementCycle>
</Column>
<Column name="Letra" id="18F44A2D-2125-91D2-F97E-CDA1FE6F495E">
<createdBy>cabre</createdBy>
<createdTime>2021-03-26 16:21:30 UTC</createdTime>
<generatorID>69615345-77C1-972D-AB1D-968ECE3E11F1</generatorID>
<ownerDesignName>modelo</ownerDesignName>
<useDomainConstraints>false</useDomainConstraints>
<use>1</use>
<logicalDatatype>LOGDT025</logicalDatatype>
<dataTypeSize>1</dataTypeSize>
<ownDataTypeParameters>1,,</ownDataTypeParameters>
<autoIncrementCycle>false</autoIncrementCycle>
</Column>
<Column name="Turno_Mañana_Tarde" id="2F0FF669-636D-71ED-76E3-0B9B32E53A88">
<createdBy>cabre</createdBy>
<createdTime>2021-03-26 16:21:30 UTC</createdTime>
<generatorID>417CFBA0-A3BB-96D0-5B3D-B0C810C9A157</generatorID>
<ownerDesignName>modelo</ownerDesignName>
<useDomainConstraints>false</useDomainConstraints>
<use>1</use>
<logicalDatatype>LOGDT024</logicalDatatype>
<dataTypeSize>10</dataTypeSize>
<ownDataTypeParameters>10,,</ownDataTypeParameters>
<autoIncrementCycle>false</autoIncrementCycle>
</Column>
<Column name="Ingles" id="078D45DC-AECF-09D4-060D-D954183D5AF9">
<createdBy>cabre</createdBy>
<createdTime>2021-03-26 16:21:30 UTC</createdTime>
<generatorID>BF0A3113-70A4-9AC3-7198-BF92ACE42F94</generatorID>
<ownerDesignName>modelo</ownerDesignName>
<useDomainConstraints>false</useDomainConstraints>
<use>1</use>
<logicalDatatype>LOGDT006</logicalDatatype>
<dataTypeSize>1</dataTypeSize>
<ownDataTypeParameters>1,,</ownDataTypeParameters>
<autoIncrementCycle>false</autoIncrementCycle>
</Column>
<Column name="Visible" id="AFB54A38-50CA-E9DD-41B3-FD6C1286EB4E">
<createdBy>cabre</createdBy>
<createdTime>2021-03-26 16:21:30 UTC</createdTime>
<generatorID>A0D16DB1-8A5E-5840-42DE-392AFBE74438</generatorID>
<ownerDesignName>modelo</ownerDesignName>
<nullsAllowed>true</nullsAllowed>
<useDomainConstraints>false</useDomainConstraints>
<use>1</use>
<logicalDatatype>LOGDT006</logicalDatatype>
<dataTypeSize>1</dataTypeSize>
<ownDataTypeParameters>1,,</ownDataTypeParameters>
<autoIncrementCycle>false</autoIncrementCycle>
</Column>
<Column name="Asignar" id="AA948CD7-2DD2-179C-0BA4-CF226F3B9ADF">
<createdBy>cabre</createdBy>
<createdTime>2021-03-26 16:21:30 UTC</createdTime>
<generatorID>195FDA9D-8D03-4406-2CA5-A26BA6169BA8</generatorID>
<ownerDesignName>modelo</ownerDesignName>
<nullsAllowed>true</nullsAllowed>
<useDomainConstraints>false</useDomainConstraints>
<use>1</use>
<logicalDatatype>LOGDT024</logicalDatatype>
<dataTypeSize>10</dataTypeSize>
<ownDataTypeParameters>10,,</ownDataTypeParameters>
<autoIncrementCycle>false</autoIncrementCycle>
</Column>
<Column name="Plazas" id="8AED4EAB-F960-D84C-8318-172DA2CD9B32">
<createdBy>cabre</createdBy>
<createdTime>2021-03-26 16:21:30 UTC</createdTime>
<generatorID>4DB2BBA6-3D54-3AC3-98B7-DA2B08BD9F73</generatorID>
<ownerDesignName>modelo</ownerDesignName>
<nullsAllowed>true</nullsAllowed>
<useDomainConstraints>false</useDomainConstraints>
<use>1</use>
<logicalDatatype>LOGDT019</logicalDatatype>
<ownDataTypeParameters>,,</ownDataTypeParameters>
<autoIncrementCycle>false</autoIncrementCycle>
</Column>
<Column name="Grupo_ID" id="43C1D7B4-1E48-210A-5F6F-8E38497C70CD">
<createdBy>cabre</createdBy>
<createdTime>2021-03-26 16:21:30 UTC</createdTime>
<generatorID>44FE431F-84E3-0EA4-0807-E6AA8278DB88</generatorID>
<ownerDesignName>modelo</ownerDesignName>
<nullsAllowed>true</nullsAllowed>
<useDomainConstraints>false</useDomainConstraints>
<use>1</use>
<logicalDatatype>LOGDT024</logicalDatatype>
<dataTypeSize>20</dataTypeSize>
<ownDataTypeParameters>,,</ownDataTypeParameters>
<previousColumn>false</previousColumn>
<autoIncrementCycle>false</autoIncrementCycle>
<associations>
<colAssociation fkAssociation="A75E19F2-C424-3BCC-DFB6-8954431439A6" referredColumn="A5A23098-9C08-2294-E06E-EFA869AB5BB6"/>
</associations>
</Column>
<Column name="Titulación_Código" id="D3D1188D-70E2-79F4-9768-CA18C2DB38EB">
<createdBy>cabre</createdBy>
<createdTime>2021-03-26 16:21:30 UTC</createdTime>
<generatorID>24A0F318-63EC-F214-5DF8-4BC9CE43103E</generatorID>
<ownerDesignName>modelo</ownerDesignName>
<useDomainConstraints>false</useDomainConstraints>
<use>1</use>
<logicalDatatype>LOGDT019</logicalDatatype>
<ownDataTypeParameters>,,</ownDataTypeParameters>
<previousColumn>false</previousColumn>
<autoIncrementCycle>false</autoIncrementCycle>
<associations>
<colAssociation fkAssociation="45B747D5-CF1E-5491-4E01-7AEB439F6EED" referredColumn="ACE57229-C9AA-51E2-2126-740C47D66A9D"/>
</associations>
</Column>
</columns>
<indexes itemClass="oracle.dbtools.crest.model.design.relational.Index">
<ind_PK_UK id="582CC784-BE53-4A9C-63BC-B73CADB0E31F" name="Grupo_PK">
<createdBy>cabre</createdBy>
<createdTime>2021-03-26 16:21:30 UTC</createdTime>
<generatorID>75BB2C0E-FCAE-0D15-B8D9-FC0DE6AF15F0</generatorID>
<ownerDesignName>modelo</ownerDesignName>
<pk>true</pk>
<indexState>Primary Constraint</indexState>
<isSurrogateKey>false</isSurrogateKey>
<indexColumnUsage>
<colUsage columnID="A5A23098-9C08-2294-E06E-EFA869AB5BB6"/>
</indexColumnUsage>
</ind_PK_UK>
<ind_PK_UK id="9DDE425D-A7B9-83CE-E88B-53AC3C0F1C01" name="Grupo_Letra_Curso_UN">
<createdBy>cabre</createdBy>
<createdTime>2021-03-26 16:21:30 UTC</createdTime>
<generatorID>644B0FD1-E283-95C3-9E34-08BECF97CFCE</generatorID>
<ownerDesignName>modelo</ownerDesignName>
<indexState>Unique Constraint</indexState>
<isSurrogateKey>false</isSurrogateKey>
<indexColumnUsage>
<colUsage columnID="18F44A2D-2125-91D2-F97E-CDA1FE6F495E"/>
<colUsage columnID="C9139FE3-1A57-6F6A-1709-5940B9D7040F"/>
</indexColumnUsage>
</ind_PK_UK>
<ind_PK_UK id="554FF4A5-F3FE-E5BA-6D56-92BC6F516138" name="Grupo_Grupo_FK">
<createdBy>cabre</createdBy>
<createdTime>2021-03-26 16:21:30 UTC</createdTime>
<generatorID>CDCAA5DC-2F96-D7F7-CA3F-3DE6951CB8B4</generatorID>
<ownerDesignName>modelo</ownerDesignName>
<indexState>Foreign Key</indexState>
<isSurrogateKey>false</isSurrogateKey>
<indexColumnUsage>
<colUsage columnID="43C1D7B4-1E48-210A-5F6F-8E38497C70CD"/>
</indexColumnUsage>
</ind_PK_UK>
<ind_PK_UK id="A4721815-8556-4763-225D-6C9B86EF148C" name="Grupo_Titulación_FK">
<createdBy>cabre</createdBy>
<createdTime>2021-03-26 16:21:30 UTC</createdTime>
<generatorID>B367767D-9B2D-5A57-6E1F-A8C1139664EC</generatorID>
<ownerDesignName>modelo</ownerDesignName>
<indexState>Foreign Key</indexState>
<isSurrogateKey>false</isSurrogateKey>
<indexColumnUsage>
<colUsage columnID="D3D1188D-70E2-79F4-9768-CA18C2DB38EB"/>
</indexColumnUsage>
</ind_PK_UK>
</indexes>
</Table>