<?xml version = '1.0' encoding = 'UTF-8'?>
<Table class="oracle.dbtools.crest.model.design.relational.Table" directorySegmentName="seg_0" id="E9F93EF4-B04D-787E-18CD-E1DA6DBFDEC2" name="Asignaturas_Matrícula">
<createdBy>cabre</createdBy>
<createdTime>2021-03-26 16:21:30 UTC</createdTime>
<generatorID>001CF29F-EA05-88EA-FF85-35C6E4E240E5</generatorID>
<ownerDesignName>modelo</ownerDesignName>
<allowColumnReorder>false</allowColumnReorder>
<existDependencyGenerateInDDl>true</existDependencyGenerateInDDl>
<parsed>true</parsed>
<columns itemClass="oracle.dbtools.crest.model.design.relational.Column">
<Column name="Matrícula_Curso_academico" id="65A27D71-E0DA-67B8-CC21-3BB8E279E09F">
<createdBy>cabre</createdBy>
<createdTime>2021-03-26 16:21:30 UTC</createdTime>
<generatorID>8E959D7B-B965-1E73-5A07-8DA13DF16524</generatorID>
<ownerDesignName>modelo</ownerDesignName>
<useDomainConstraints>false</useDomainConstraints>
<use>1</use>
<logicalDatatype>LOGDT019</logicalDatatype>
<ownDataTypeParameters>,,</ownDataTypeParameters>
<previousColumn>false</previousColumn>
<autoIncrementCycle>false</autoIncrementCycle>
<associations>
<colAssociation fkAssociation="B3529B74-1C6C-C67B-26E0-FBE0C9940FFA" referredColumn="068FEA93-B247-6E73-0F52-0895CD7FD2B0"/>
</associations>
</Column>
<Column name="Asignatura_Referencia" id="03B8BCCC-BA0F-35B7-4F6E-024957ECB2FF">
<createdBy>cabre</createdBy>
<createdTime>2021-03-26 16:21:30 UTC</createdTime>
<generatorID>500C8EF2-2E86-F0B2-1CE4-6653F77C6F51</generatorID>
<ownerDesignName>modelo</ownerDesignName>
<useDomainConstraints>false</useDomainConstraints>
<use>1</use>
<logicalDatatype>LOGDT019</logicalDatatype>
<ownDataTypeParameters>,,</ownDataTypeParameters>
<previousColumn>false</previousColumn>
<autoIncrementCycle>false</autoIncrementCycle>
<associations>
<colAssociation fkAssociation="1EDC0356-FAE4-1739-3A91-22CDEBDD3702" referredColumn="13DFAB02-271B-E911-61B1-9BF995351D31"/>
</associations>
</Column>
<Column name="Grupo_ID" id="BC241823-1E3D-E775-9783-3D58FB0F22CE">
<createdBy>cabre</createdBy>
<createdTime>2021-03-26 16:21:30 UTC</createdTime>
<generatorID>026552F7-57CA-2128-4715-83B6A08E946E</generatorID>
<ownerDesignName>modelo</ownerDesignName>
<nullsAllowed>true</nullsAllowed>
<useDomainConstraints>false</useDomainConstraints>
<use>1</use>
<logicalDatatype>LOGDT024</logicalDatatype>
<dataTypeSize>20</dataTypeSize>
<ownDataTypeParameters>,,</ownDataTypeParameters>
<previousColumn>false</previousColumn>
<autoIncrementCycle>false</autoIncrementCycle>
<associations>
<colAssociation fkAssociation="F9C4D0A5-AC4D-11DB-6980-72C862A39031" referredColumn="A5A23098-9C08-2294-E06E-EFA869AB5BB6"/>
</associations>
</Column>
<Column name="Matrícula_Expediente_Num_Expediente" id="6C6F528E-3E36-DC5E-EB06-DD156E344CED">
<createdBy>cabre</createdBy>
<createdTime>2021-03-26 16:21:30 UTC</createdTime>
<generatorID>68477F8E-31C6-83FC-55B2-8F116AAD0B6B</generatorID>
<ownerDesignName>modelo</ownerDesignName>
<useDomainConstraints>false</useDomainConstraints>
<use>1</use>
<logicalDatatype>LOGDT019</logicalDatatype>
<ownDataTypeParameters>,,</ownDataTypeParameters>
<previousColumn>false</previousColumn>
<autoIncrementCycle>false</autoIncrementCycle>
<associations>
<colAssociation fkAssociation="B3529B74-1C6C-C67B-26E0-FBE0C9940FFA" referredColumn="2D611F1F-9341-A786-CC40-6F3756248AFE"/>
</associations>
</Column>
<Column name="Grupos_asignados" id="5F2D2BE1-FADB-CA0A-B027-003840D68591">
<createdBy>cabre</createdBy>
<createdTime>2021-03-26 16:21:30 UTC</createdTime>
<generatorID>33563ECC-14C6-2386-89C5-35F8594248D1</generatorID>
<ownerDesignName>modelo</ownerDesignName>
<nullsAllowed>true</nullsAllowed>
<useDomainConstraints>false</useDomainConstraints>
<use>1</use>
<logicalDatatype>LOGDT024</logicalDatatype>
<dataTypeSize>150</dataTypeSize>
<ownDataTypeParameters>150,,</ownDataTypeParameters>
<autoIncrementCycle>false</autoIncrementCycle>
</Column>
</columns>
<indexes itemClass="oracle.dbtools.crest.model.design.relational.Index">
<ind_PK_UK id="41ACB218-8396-6BA1-0E82-BE97FD9CADF1" name="Asignaturas_Matrícula_PK">
<createdBy>cabre</createdBy>
<createdTime>2021-03-26 16:21:30 UTC</createdTime>
<generatorID>CE44ECB9-ABE1-9514-4E91-F02119AC0DE7</generatorID>
<ownerDesignName>modelo</ownerDesignName>
<pk>true</pk>
<indexState>Primary Constraint</indexState>
<isSurrogateKey>false</isSurrogateKey>
<indexColumnUsage>
<colUsage columnID="65A27D71-E0DA-67B8-CC21-3BB8E279E09F"/>
<colUsage columnID="6C6F528E-3E36-DC5E-EB06-DD156E344CED"/>
<colUsage columnID="03B8BCCC-BA0F-35B7-4F6E-024957ECB2FF"/>
</indexColumnUsage>
</ind_PK_UK>
<ind_PK_UK id="59934639-815A-0641-400D-D93617950AB9" name="Asignaturas_Matrícula_Matrícula_FK">
<createdBy>cabre</createdBy>
<createdTime>2021-03-26 16:21:30 UTC</createdTime>
<generatorID>BA5D62B7-1646-9ADA-FABF-7EAA716A430E</generatorID>
<ownerDesignName>modelo</ownerDesignName>
<indexState>Foreign Key</indexState>
<isSurrogateKey>false</isSurrogateKey>
<indexColumnUsage>
<colUsage columnID="65A27D71-E0DA-67B8-CC21-3BB8E279E09F"/>
<colUsage columnID="6C6F528E-3E36-DC5E-EB06-DD156E344CED"/>
</indexColumnUsage>
</ind_PK_UK>
<ind_PK_UK id="EA149990-0FAB-4BEB-1636-FA481386A076" name="Asignaturas_Matrícula_Asignatura_FK">
<createdBy>cabre</createdBy>
<createdTime>2021-03-26 16:21:30 UTC</createdTime>
<generatorID>9D7989B6-8EC3-E443-31F5-4CEE79C080F0</generatorID>
<ownerDesignName>modelo</ownerDesignName>
<indexState>Foreign Key</indexState>
<isSurrogateKey>false</isSurrogateKey>
<indexColumnUsage>
<colUsage columnID="03B8BCCC-BA0F-35B7-4F6E-024957ECB2FF"/>
</indexColumnUsage>
</ind_PK_UK>
<ind_PK_UK id="FF1CE665-2A0E-1EB6-0C80-CA415ABA78B0" name="Asignaturas_Matrícula_Grupo_FK">
<createdBy>cabre</createdBy>
<createdTime>2021-03-26 16:21:30 UTC</createdTime>
<generatorID>B4A1554F-5BC0-D16C-AD33-39801766187E</generatorID>
<ownerDesignName>modelo</ownerDesignName>
<indexState>Foreign Key</indexState>
<isSurrogateKey>false</isSurrogateKey>
<indexColumnUsage>
<colUsage columnID="BC241823-1E3D-E775-9783-3D58FB0F22CE"/>
</indexColumnUsage>
</ind_PK_UK>
</indexes>
</Table>