<?xml version = '1.0' encoding = 'UTF-8'?>
<Table class="oracle.dbtools.crest.model.design.relational.Table" directorySegmentName="seg_0" id="F25DC599-0DB1-FD97-FFB8-05FE1C9A3B3D" name="Clase">
<createdBy>cabre</createdBy>
<createdTime>2021-03-26 16:21:30 UTC</createdTime>
<generatorID>EB7DFE65-57B4-CDA4-ACAD-D5DB92B97B90</generatorID>
<ownerDesignName>modelo</ownerDesignName>
<allowColumnReorder>false</allowColumnReorder>
<existDependencyGenerateInDDl>true</existDependencyGenerateInDDl>
<parsed>true</parsed>
<columns itemClass="oracle.dbtools.crest.model.design.relational.Column">
<Column name="Día" id="74BBD53F-97EA-F22C-F61B-22882F86640E">
<createdBy>cabre</createdBy>
<createdTime>2021-03-26 16:21:30 UTC</createdTime>
<generatorID>F4FD7404-C63B-AACA-6CEF-04051EF4F7A8</generatorID>
<ownerDesignName>modelo</ownerDesignName>
<useDomainConstraints>false</useDomainConstraints>
<use>1</use>
<logicalDatatype>LOGDT024</logicalDatatype>
<dataTypeSize>10</dataTypeSize>
<ownDataTypeParameters>10,,</ownDataTypeParameters>
<autoIncrementCycle>false</autoIncrementCycle>
</Column>
<Column name="Hora_inicio" id="AC77A542-EED1-03C7-F8CD-AD45868BB819">
<createdBy>cabre</createdBy>
<createdTime>2021-03-26 16:21:30 UTC</createdTime>
<generatorID>276B9CA2-E69B-5A63-CD83-43E03F88B531</generatorID>
<ownerDesignName>modelo</ownerDesignName>
<useDomainConstraints>false</useDomainConstraints>
<use>1</use>
<logicalDatatype>LOGDT014</logicalDatatype>
<ownDataTypeParameters>,,</ownDataTypeParameters>
<autoIncrementCycle>false</autoIncrementCycle>
</Column>
<Column name="Hora_fin" id="BD22C838-C0C0-A4F6-112D-F08DDA0B5DE8">
<createdBy>cabre</createdBy>
<createdTime>2021-03-26 16:21:30 UTC</createdTime>
<generatorID>7388A133-58C5-A8C4-9B22-C40C24A6A8C1</generatorID>
<ownerDesignName>modelo</ownerDesignName>
<nullsAllowed>true</nullsAllowed>
<useDomainConstraints>false</useDomainConstraints>
<use>1</use>
<logicalDatatype>LOGDT014</logicalDatatype>
<ownDataTypeParameters>,,</ownDataTypeParameters>
<autoIncrementCycle>false</autoIncrementCycle>
</Column>
<Column name="Grupo_ID" id="8B675D1B-A72A-2439-FDB1-86CB1DC6337F">
<createdBy>cabre</createdBy>
<createdTime>2021-03-26 16:21:30 UTC</createdTime>
<generatorID>FCA7E8BE-AA1F-1074-F598-F9833D49E34E</generatorID>
<ownerDesignName>modelo</ownerDesignName>
<useDomainConstraints>false</useDomainConstraints>
<use>1</use>
<logicalDatatype>LOGDT024</logicalDatatype>
<dataTypeSize>20</dataTypeSize>
<ownDataTypeParameters>,,</ownDataTypeParameters>
<previousColumn>false</previousColumn>
<autoIncrementCycle>false</autoIncrementCycle>
<associations>
<colAssociation fkAssociation="A513B7E2-2A0D-7D9D-476A-88A8232454CA" referredColumn="A5A23098-9C08-2294-E06E-EFA869AB5BB6"/>
</associations>
</Column>
<Column name="Asignatura_Referencia" id="EC2DFBBE-AEF6-72D3-8950-5E2A03BF7A57">
<createdBy>cabre</createdBy>
<createdTime>2021-03-26 16:21:30 UTC</createdTime>
<generatorID>9106C72A-050D-34BA-5DF8-2D95C7DBB18C</generatorID>
<ownerDesignName>modelo</ownerDesignName>
<useDomainConstraints>false</useDomainConstraints>
<use>1</use>
<logicalDatatype>LOGDT019</logicalDatatype>
<ownDataTypeParameters>,,</ownDataTypeParameters>
<previousColumn>false</previousColumn>
<autoIncrementCycle>false</autoIncrementCycle>
<associations>
<colAssociation fkAssociation="066355D2-06B0-35A4-3709-5B92829CEA12" referredColumn="13DFAB02-271B-E911-61B1-9BF995351D31"/>
</associations>
</Column>
</columns>
<indexes itemClass="oracle.dbtools.crest.model.design.relational.Index">
<ind_PK_UK id="0C96A0FE-BB28-DF8D-75B7-F8E9D3C2BC66" name="Clase_PK">
<createdBy>cabre</createdBy>
<createdTime>2021-03-26 16:21:30 UTC</createdTime>
<generatorID>CB81E917-36C1-4062-1B33-EB988B303754</generatorID>
<ownerDesignName>modelo</ownerDesignName>
<pk>true</pk>
<indexState>Primary Constraint</indexState>
<isSurrogateKey>false</isSurrogateKey>
<indexColumnUsage>
<colUsage columnID="74BBD53F-97EA-F22C-F61B-22882F86640E"/>
<colUsage columnID="AC77A542-EED1-03C7-F8CD-AD45868BB819"/>
<colUsage columnID="8B675D1B-A72A-2439-FDB1-86CB1DC6337F"/>
</indexColumnUsage>
</ind_PK_UK>
<ind_PK_UK id="017F6007-526C-50AF-AD0A-BB13002D7809" name="Clase_Grupo_FK">
<createdBy>cabre</createdBy>
<createdTime>2021-03-26 16:21:30 UTC</createdTime>
<generatorID>F95D837C-78CA-46AD-5AA6-12A206214370</generatorID>
<ownerDesignName>modelo</ownerDesignName>
<indexState>Foreign Key</indexState>
<isSurrogateKey>false</isSurrogateKey>
<indexColumnUsage>
<colUsage columnID="8B675D1B-A72A-2439-FDB1-86CB1DC6337F"/>
</indexColumnUsage>
</ind_PK_UK>
<ind_PK_UK id="3C4CE827-2FA1-2F99-3CFD-A1827E3B5B7C" name="Clase_Asignatura_FK">
<createdBy>cabre</createdBy>
<createdTime>2021-03-26 16:21:30 UTC</createdTime>
<generatorID>D85963B6-776D-FFB3-E70B-6ED76ED12B5A</generatorID>
<ownerDesignName>modelo</ownerDesignName>
<indexState>Foreign Key</indexState>
<isSurrogateKey>false</isSurrogateKey>
<indexColumnUsage>
<colUsage columnID="EC2DFBBE-AEF6-72D3-8950-5E2A03BF7A57"/>
</indexColumnUsage>
</ind_PK_UK>
</indexes>
</Table>