<?xml version = '1.0' encoding = 'UTF-8'?>
<Table class="oracle.dbtools.crest.model.design.relational.Table" directorySegmentName="seg_0" id="F7E316F7-6AAF-3627-6BEE-300F8C3A042C" name="Grupos_por_asignatura">
<createdBy>cabre</createdBy>
<createdTime>2021-03-26 16:21:30 UTC</createdTime>
<generatorID>0C38F240-6E28-6FF6-D418-7D6C3B9840A2</generatorID>
<ownerDesignName>modelo</ownerDesignName>
<allowColumnReorder>false</allowColumnReorder>
<existDependencyGenerateInDDl>true</existDependencyGenerateInDDl>
<parsed>true</parsed>
<columns itemClass="oracle.dbtools.crest.model.design.relational.Column">
<Column name="Curso_Academico" id="0183F554-F4CD-94FC-6E5F-5AB84AB7B2DC">
<createdBy>cabre</createdBy>
<createdTime>2021-03-26 16:21:30 UTC</createdTime>
<generatorID>B20946EC-B7BC-7F31-2A50-3CFE825B8755</generatorID>
<ownerDesignName>modelo</ownerDesignName>
<useDomainConstraints>false</useDomainConstraints>
<use>1</use>
<logicalDatatype>LOGDT019</logicalDatatype>
<ownDataTypeParameters>,,</ownDataTypeParameters>
<autoIncrementCycle>false</autoIncrementCycle>
</Column>
<Column name="Oferta" id="9D27EB78-06BA-1DED-372E-9F2B6BA6F13B">
<createdBy>cabre</createdBy>
<createdTime>2021-03-26 16:21:30 UTC</createdTime>
<generatorID>99C9D437-1373-0947-12A0-23C18E048302</generatorID>
<ownerDesignName>modelo</ownerDesignName>
<nullsAllowed>true</nullsAllowed>
<useDomainConstraints>false</useDomainConstraints>
<use>1</use>
<logicalDatatype>LOGDT024</logicalDatatype>
<dataTypeSize>10</dataTypeSize>
<ownDataTypeParameters>10,,</ownDataTypeParameters>
<autoIncrementCycle>false</autoIncrementCycle>
</Column>
<Column name="Grupo_ID" id="8ADD4790-56CC-AEF8-B2A2-95CF8452B0A8">
<createdBy>cabre</createdBy>
<createdTime>2021-03-26 16:21:30 UTC</createdTime>
<generatorID>68DDB1A7-DE47-D828-8F01-A28A89796816</generatorID>
<ownerDesignName>modelo</ownerDesignName>
<useDomainConstraints>false</useDomainConstraints>
<use>1</use>
<logicalDatatype>LOGDT024</logicalDatatype>
<dataTypeSize>20</dataTypeSize>
<ownDataTypeParameters>,,</ownDataTypeParameters>
<previousColumn>false</previousColumn>
<autoIncrementCycle>false</autoIncrementCycle>
<associations>
<colAssociation fkAssociation="65227C54-410B-C7C7-A860-FA1667C32718" referredColumn="A5A23098-9C08-2294-E06E-EFA869AB5BB6"/>
</associations>
</Column>
<Column name="Asignatura_Referencia" id="76EC768B-DD9E-7648-FE41-BF9E66EA1485">
<createdBy>cabre</createdBy>
<createdTime>2021-03-26 16:21:30 UTC</createdTime>
<generatorID>A89C5E2B-9344-2E45-23B5-43AEE5C3B9D9</generatorID>
<ownerDesignName>modelo</ownerDesignName>
<useDomainConstraints>false</useDomainConstraints>
<use>1</use>
<logicalDatatype>LOGDT019</logicalDatatype>
<ownDataTypeParameters>,,</ownDataTypeParameters>
<previousColumn>false</previousColumn>
<autoIncrementCycle>false</autoIncrementCycle>
<associations>
<colAssociation fkAssociation="373AB7C8-A4E7-A079-CB1B-869AD0EA4E7C" referredColumn="13DFAB02-271B-E911-61B1-9BF995351D31"/>
</associations>
</Column>
</columns>
<indexes itemClass="oracle.dbtools.crest.model.design.relational.Index">
<ind_PK_UK id="A8FC78ED-7153-BC73-BCD3-C23835C761D7" name="Grupos_por_asignatura_PK">
<createdBy>cabre</createdBy>
<createdTime>2021-03-26 16:21:30 UTC</createdTime>
<generatorID>26B0E3B3-50FD-C4A6-BFCF-4835E3B71FC2</generatorID>
<ownerDesignName>modelo</ownerDesignName>
<pk>true</pk>
<indexState>Primary Constraint</indexState>
<isSurrogateKey>false</isSurrogateKey>
<indexColumnUsage>
<colUsage columnID="0183F554-F4CD-94FC-6E5F-5AB84AB7B2DC"/>
<colUsage columnID="8ADD4790-56CC-AEF8-B2A2-95CF8452B0A8"/>
<colUsage columnID="76EC768B-DD9E-7648-FE41-BF9E66EA1485"/>
</indexColumnUsage>
</ind_PK_UK>
<ind_PK_UK id="C607EBDE-E917-AD87-8B8E-CFE14430A569" name="Grupos_por_asignatura_Asignatura_FK">
<createdBy>cabre</createdBy>
<createdTime>2021-03-26 16:21:30 UTC</createdTime>
<generatorID>F8F20564-A66F-43BF-5787-80274639D490</generatorID>
<ownerDesignName>modelo</ownerDesignName>
<indexState>Foreign Key</indexState>
<isSurrogateKey>false</isSurrogateKey>
<indexColumnUsage>
<colUsage columnID="76EC768B-DD9E-7648-FE41-BF9E66EA1485"/>
</indexColumnUsage>
</ind_PK_UK>
<ind_PK_UK id="FF4F3476-F90C-B241-5DDA-CC1C26C2FABB" name="Grupos_por_asignatura_Grupo_FK">
<createdBy>cabre</createdBy>
<createdTime>2021-03-26 16:21:30 UTC</createdTime>
<generatorID>2D592CB7-E7EF-FD04-D43B-174CB1755149</generatorID>
<ownerDesignName>modelo</ownerDesignName>
<indexState>Foreign Key</indexState>
<isSurrogateKey>false</isSurrogateKey>
<indexColumnUsage>
<colUsage columnID="8ADD4790-56CC-AEF8-B2A2-95CF8452B0A8"/>
</indexColumnUsage>
</ind_PK_UK>
</indexes>
</Table>