<?xml version = '1.0' encoding = 'UTF-8'?>
<FKIndexAssociation class="oracle.dbtools.crest.model.design.relational.FKIndexAssociation" directorySegmentName="seg_0" id="03D788DB-8EDB-C041-6C37-D56061E54058" containerWithKeyObject="7CFCAC0B-2B7B-B79D-5CFF-89A1B830CFDD" localFKIndex="7AE20FD1-17F7-5D78-732D-98A22D110CE3" name="Relation_16_Centro_FK">
<createdBy>cabre</createdBy>
<createdTime>2021-03-26 16:21:30 UTC</createdTime>
<generatorID>3845C690-130A-D7CC-BBFA-ACEA84BCD2E9</generatorID>
<ownerDesignName>modelo</ownerDesignName>
<referredTableLongName>Centro</referredTableLongName>
<deleteRule>NO ACTION</deleteRule>
<referredTableID>5C923CF0-8615-149F-8B63-5D9DECD9D72E</referredTableID>
<keyObject>7D76E8CF-268A-CAEC-2CF3-CAECC9B5EF5D</keyObject>
<referredKeyID>7D76E8CF-268A-CAEC-2CF3-CAECC9B5EF5D</referredKeyID>
<mandatory>true</mandatory>
<refColNames>Id</refColNames>
<transferable>true</transferable>
<rely>false</rely>
<columnDependencyConstraintGenerateInDDL>true</columnDependencyConstraintGenerateInDDL>
</FKIndexAssociation>