<?xml version = '1.0' encoding = 'UTF-8'?>
<FKIndexAssociation class="oracle.dbtools.crest.model.design.relational.FKIndexAssociation" directorySegmentName="seg_0" id="0595A525-0534-E135-27CC-1349C8A25C4D" containerWithKeyObject="25934634-367C-3EA7-ECEF-A278E578A14F" localFKIndex="D2980F55-C5BE-56B8-84E2-95D73CEE367A" name="Encuesta_Expediente_FK">
<createdBy>cabre</createdBy>
<createdTime>2021-03-26 16:21:30 UTC</createdTime>
<generatorID>14495378-8D71-A31A-AA46-BA8517EDBB5F</generatorID>
<ownerDesignName>modelo</ownerDesignName>
<referredTableLongName>Expediente</referredTableLongName>
<deleteRule>NO ACTION</deleteRule>
<referredTableID>69B2A742-BF22-6187-70C2-C170AFB5637E</referredTableID>
<keyObject>939239C3-336D-F916-3BA3-D50ABF2E0AFF</keyObject>
<referredKeyID>939239C3-336D-F916-3BA3-D50ABF2E0AFF</referredKeyID>
<mandatory>true</mandatory>
<refColNames>Num_Expediente</refColNames>
<transferable>true</transferable>
<rely>false</rely>
<columnDependencyConstraintGenerateInDDL>true</columnDependencyConstraintGenerateInDDL>
</FKIndexAssociation>