<?xml version = '1.0' encoding = 'UTF-8'?>
<FKIndexAssociation class="oracle.dbtools.crest.model.design.relational.FKIndexAssociation" directorySegmentName="seg_0" id="066355D2-06B0-35A4-3709-5B92829CEA12" containerWithKeyObject="F25DC599-0DB1-FD97-FFB8-05FE1C9A3B3D" localFKIndex="3C4CE827-2FA1-2F99-3CFD-A1827E3B5B7C" name="Clase_Asignatura_FK">
<createdBy>cabre</createdBy>
<createdTime>2021-03-26 16:21:30 UTC</createdTime>
<generatorID>D85963B6-776D-FFB3-E70B-6ED76ED12B5A</generatorID>
<ownerDesignName>modelo</ownerDesignName>
<referredTableLongName>Asignatura</referredTableLongName>
<deleteRule>NO ACTION</deleteRule>
<referredTableID>532149AF-1294-5A60-B59D-F16974AD6D9F</referredTableID>
<keyObject>4796294C-42FD-EAEF-F9E6-C4A7696F7F77</keyObject>
<referredKeyID>4796294C-42FD-EAEF-F9E6-C4A7696F7F77</referredKeyID>
<mandatory>true</mandatory>
<refColNames>Referencia</refColNames>
<transferable>true</transferable>
<rely>false</rely>
<columnDependencyConstraintGenerateInDDL>true</columnDependencyConstraintGenerateInDDL>
</FKIndexAssociation>