<?xml version = '1.0' encoding = 'UTF-8'?>
<FKIndexAssociation class="oracle.dbtools.crest.model.design.relational.FKIndexAssociation" directorySegmentName="seg_0" id="1525571B-2132-D02E-B167-8885C5C20EF7" containerWithKeyObject="7CFCAC0B-2B7B-B79D-5CFF-89A1B830CFDD" localFKIndex="8740877B-E033-377F-A8B2-478A4D236352" name="Relation_16_Titulación_FK">
<createdBy>cabre</createdBy>
<createdTime>2021-03-26 16:21:30 UTC</createdTime>
<generatorID>3845C690-130A-D7CC-BBFA-ACEA84BCD2E9</generatorID>
<ownerDesignName>modelo</ownerDesignName>
<referredTableLongName>Titulación</referredTableLongName>
<deleteRule>NO ACTION</deleteRule>
<referredTableID>032EC9E4-1468-BC38-ACEC-E1E25769443A</referredTableID>
<keyObject>4F63D6CD-62F1-4FEA-6BE9-74123AFCBDB7</keyObject>
<referredKeyID>4F63D6CD-62F1-4FEA-6BE9-74123AFCBDB7</referredKeyID>
<mandatory>true</mandatory>
<refColNames>Código</refColNames>
<transferable>true</transferable>
<rely>false</rely>
<columnDependencyConstraintGenerateInDDL>true</columnDependencyConstraintGenerateInDDL>
</FKIndexAssociation>