<?xml version = '1.0' encoding = 'UTF-8'?>
<FKIndexAssociation class="oracle.dbtools.crest.model.design.relational.FKIndexAssociation" directorySegmentName="seg_0" id="1EDC0356-FAE4-1739-3A91-22CDEBDD3702" containerWithKeyObject="E9F93EF4-B04D-787E-18CD-E1DA6DBFDEC2" localFKIndex="EA149990-0FAB-4BEB-1636-FA481386A076" name="Asignaturas_Matrícula_Asignatura_FK">
<createdBy>cabre</createdBy>
<createdTime>2021-03-26 16:21:30 UTC</createdTime>
<generatorID>9D7989B6-8EC3-E443-31F5-4CEE79C080F0</generatorID>
<ownerDesignName>modelo</ownerDesignName>
<referredTableLongName>Asignatura</referredTableLongName>
<deleteRule>NO ACTION</deleteRule>
<referredTableID>532149AF-1294-5A60-B59D-F16974AD6D9F</referredTableID>
<keyObject>4796294C-42FD-EAEF-F9E6-C4A7696F7F77</keyObject>
<referredKeyID>4796294C-42FD-EAEF-F9E6-C4A7696F7F77</referredKeyID>
<mandatory>true</mandatory>
<refColNames>Referencia</refColNames>
<transferable>true</transferable>
<rely>false</rely>
<columnDependencyConstraintGenerateInDDL>true</columnDependencyConstraintGenerateInDDL>
</FKIndexAssociation>