<?xml version = '1.0' encoding = 'UTF-8'?>
<FKIndexAssociation class="oracle.dbtools.crest.model.design.relational.FKIndexAssociation" directorySegmentName="seg_0" id="373AB7C8-A4E7-A079-CB1B-869AD0EA4E7C" containerWithKeyObject="F7E316F7-6AAF-3627-6BEE-300F8C3A042C" localFKIndex="C607EBDE-E917-AD87-8B8E-CFE14430A569" name="Grupos_por_asignatura_Asignatura_FK">
<createdBy>cabre</createdBy>
<createdTime>2021-03-26 16:21:30 UTC</createdTime>
<generatorID>F8F20564-A66F-43BF-5787-80274639D490</generatorID>
<ownerDesignName>modelo</ownerDesignName>
<referredTableLongName>Asignatura</referredTableLongName>
<deleteRule>NO ACTION</deleteRule>
<referredTableID>532149AF-1294-5A60-B59D-F16974AD6D9F</referredTableID>
<keyObject>4796294C-42FD-EAEF-F9E6-C4A7696F7F77</keyObject>
<referredKeyID>4796294C-42FD-EAEF-F9E6-C4A7696F7F77</referredKeyID>
<mandatory>true</mandatory>
<refColNames>Referencia</refColNames>
<transferable>true</transferable>
<rely>false</rely>
<columnDependencyConstraintGenerateInDDL>true</columnDependencyConstraintGenerateInDDL>
</FKIndexAssociation>