<?xml version = '1.0' encoding = 'UTF-8'?>
<FKIndexAssociation class="oracle.dbtools.crest.model.design.relational.FKIndexAssociation" directorySegmentName="seg_0" id="45B747D5-CF1E-5491-4E01-7AEB439F6EED" containerWithKeyObject="C7CF726E-2409-8007-AE49-45A9119811F1" localFKIndex="A4721815-8556-4763-225D-6C9B86EF148C" name="Grupo_Titulación_FK">
<createdBy>cabre</createdBy>
<createdTime>2021-03-26 16:21:30 UTC</createdTime>
<generatorID>B367767D-9B2D-5A57-6E1F-A8C1139664EC</generatorID>
<ownerDesignName>modelo</ownerDesignName>
<referredTableLongName>Titulación</referredTableLongName>
<deleteRule>NO ACTION</deleteRule>
<referredTableID>032EC9E4-1468-BC38-ACEC-E1E25769443A</referredTableID>
<keyObject>4F63D6CD-62F1-4FEA-6BE9-74123AFCBDB7</keyObject>
<referredKeyID>4F63D6CD-62F1-4FEA-6BE9-74123AFCBDB7</referredKeyID>
<mandatory>true</mandatory>
<refColNames>Código</refColNames>
<transferable>true</transferable>
<rely>false</rely>
<columnDependencyConstraintGenerateInDDL>true</columnDependencyConstraintGenerateInDDL>
</FKIndexAssociation>