<?xml version = '1.0' encoding = 'UTF-8'?>
<FKIndexAssociation class="oracle.dbtools.crest.model.design.relational.FKIndexAssociation" directorySegmentName="seg_0" id="4E0DB076-CEA9-3B09-1749-D9F210000705" containerWithKeyObject="532149AF-1294-5A60-B59D-F16974AD6D9F" localFKIndex="B23D1ADE-4CB8-0351-5C20-7FE7568FCE4B" name="Asignatura_Titulación_FK">
<createdBy>cabre</createdBy>
<createdTime>2021-03-26 16:21:30 UTC</createdTime>
<generatorID>73015F5F-14EF-4FD0-7188-2249A8189EDA</generatorID>
<ownerDesignName>modelo</ownerDesignName>
<referredTableLongName>Titulación</referredTableLongName>
<deleteRule>NO ACTION</deleteRule>
<referredTableID>032EC9E4-1468-BC38-ACEC-E1E25769443A</referredTableID>
<keyObject>4F63D6CD-62F1-4FEA-6BE9-74123AFCBDB7</keyObject>
<referredKeyID>4F63D6CD-62F1-4FEA-6BE9-74123AFCBDB7</referredKeyID>
<mandatory>true</mandatory>
<refColNames>Código</refColNames>
<transferable>true</transferable>
<rely>false</rely>
<columnDependencyConstraintGenerateInDDL>true</columnDependencyConstraintGenerateInDDL>
</FKIndexAssociation>