<?xml version = '1.0' encoding = 'UTF-8'?>
<FKIndexAssociation class="oracle.dbtools.crest.model.design.relational.FKIndexAssociation" directorySegmentName="seg_0" id="525E96CB-3B2B-B760-CFE4-AD76ED3C5CF6" containerWithKeyObject="083B687E-C331-DC3A-6B57-27B7333E9EA0" localFKIndex="A856AE46-1A2F-3C98-4E4F-7E35EB96E192" name="Relation_9_Grupos_por_asignatura_FK">
<createdBy>cabre</createdBy>
<createdTime>2021-03-26 16:21:30 UTC</createdTime>
<generatorID>81291B25-B3A3-8DCF-E525-680DB5CAB347</generatorID>
<ownerDesignName>modelo</ownerDesignName>
<referredTableLongName>Grupos_por_asignatura</referredTableLongName>
<deleteRule>NO ACTION</deleteRule>
<referredTableID>F7E316F7-6AAF-3627-6BEE-300F8C3A042C</referredTableID>
<keyObject>A8FC78ED-7153-BC73-BCD3-C23835C761D7</keyObject>
<referredKeyID>A8FC78ED-7153-BC73-BCD3-C23835C761D7</referredKeyID>
<mandatory>true</mandatory>
<refColNames>Curso_Academico,Grupo_ID,Asignatura_Referencia</refColNames>
<transferable>true</transferable>
<rely>false</rely>
<columnDependencyConstraintGenerateInDDL>true</columnDependencyConstraintGenerateInDDL>
</FKIndexAssociation>