<?xml version = '1.0' encoding = 'UTF-8'?>
<FKIndexAssociation class="oracle.dbtools.crest.model.design.relational.FKIndexAssociation" directorySegmentName="seg_0" id="65227C54-410B-C7C7-A860-FA1667C32718" containerWithKeyObject="F7E316F7-6AAF-3627-6BEE-300F8C3A042C" localFKIndex="FF4F3476-F90C-B241-5DDA-CC1C26C2FABB" name="Grupos_por_asignatura_Grupo_FK">
<createdBy>cabre</createdBy>
<createdTime>2021-03-26 16:21:30 UTC</createdTime>
<generatorID>2D592CB7-E7EF-FD04-D43B-174CB1755149</generatorID>
<ownerDesignName>modelo</ownerDesignName>
<referredTableLongName>Grupo</referredTableLongName>
<deleteRule>NO ACTION</deleteRule>
<referredTableID>C7CF726E-2409-8007-AE49-45A9119811F1</referredTableID>
<keyObject>582CC784-BE53-4A9C-63BC-B73CADB0E31F</keyObject>
<referredKeyID>582CC784-BE53-4A9C-63BC-B73CADB0E31F</referredKeyID>
<mandatory>true</mandatory>
<refColNames>ID</refColNames>
<transferable>true</transferable>
<rely>false</rely>
<columnDependencyConstraintGenerateInDDL>true</columnDependencyConstraintGenerateInDDL>
</FKIndexAssociation>