<?xml version = '1.0' encoding = 'UTF-8'?>
<FKIndexAssociation class="oracle.dbtools.crest.model.design.relational.FKIndexAssociation" directorySegmentName="seg_0" id="9143AF38-8746-CE0B-5C1A-A3DD7179BE78" containerWithKeyObject="A9AA4A92-80FA-EC89-0D4D-C23969977A82" localFKIndex="7E2089D4-82EF-C9B2-684E-0E2D8134BA73" name="Optativa_Asignatura_FK">
<createdBy>cabre</createdBy>
<createdTime>2021-03-26 16:21:30 UTC</createdTime>
<generatorID>DAD9F9C9-8A65-31F9-5CB7-C8A0588B9D5D</generatorID>
<ownerDesignName>modelo</ownerDesignName>
<referredTableLongName>Asignatura</referredTableLongName>
<deleteRule>NO ACTION</deleteRule>
<referredTableID>532149AF-1294-5A60-B59D-F16974AD6D9F</referredTableID>
<keyObject>4796294C-42FD-EAEF-F9E6-C4A7696F7F77</keyObject>
<referredKeyID>4796294C-42FD-EAEF-F9E6-C4A7696F7F77</referredKeyID>
<mandatory>true</mandatory>
<refColNames>Referencia</refColNames>
<transferable>true</transferable>
<rely>false</rely>
<columnDependencyConstraintGenerateInDDL>true</columnDependencyConstraintGenerateInDDL>
</FKIndexAssociation>