<?xml version = '1.0' encoding = 'UTF-8'?>
<FKIndexAssociation class="oracle.dbtools.crest.model.design.relational.FKIndexAssociation" directorySegmentName="seg_0" id="A513B7E2-2A0D-7D9D-476A-88A8232454CA" containerWithKeyObject="F25DC599-0DB1-FD97-FFB8-05FE1C9A3B3D" localFKIndex="017F6007-526C-50AF-AD0A-BB13002D7809" name="Clase_Grupo_FK">
<createdBy>cabre</createdBy>
<createdTime>2021-03-26 16:21:30 UTC</createdTime>
<generatorID>F95D837C-78CA-46AD-5AA6-12A206214370</generatorID>
<ownerDesignName>modelo</ownerDesignName>
<referredTableLongName>Grupo</referredTableLongName>
<deleteRule>NO ACTION</deleteRule>
<referredTableID>C7CF726E-2409-8007-AE49-45A9119811F1</referredTableID>
<keyObject>582CC784-BE53-4A9C-63BC-B73CADB0E31F</keyObject>
<referredKeyID>582CC784-BE53-4A9C-63BC-B73CADB0E31F</referredKeyID>
<mandatory>true</mandatory>
<refColNames>ID</refColNames>
<transferable>true</transferable>
<rely>false</rely>
<columnDependencyConstraintGenerateInDDL>true</columnDependencyConstraintGenerateInDDL>
</FKIndexAssociation>