<?xml version = '1.0' encoding = 'UTF-8'?>
<FKIndexAssociation class="oracle.dbtools.crest.model.design.relational.FKIndexAssociation" directorySegmentName="seg_0" id="A6AC5121-3F54-EC4B-A7EA-99255CC10E2D" containerWithKeyObject="69B2A742-BF22-6187-70C2-C170AFB5637E" localFKIndex="8E70AE20-FB0A-9C96-8771-63266695EF8B" name="Expediente_Alumno_FK">
<createdBy>cabre</createdBy>
<createdTime>2021-03-26 16:21:30 UTC</createdTime>
<generatorID>DAF0BA37-C719-A963-BCED-1278787AFAC7</generatorID>
<ownerDesignName>modelo</ownerDesignName>
<referredTableLongName>Alumno</referredTableLongName>
<deleteRule>NO ACTION</deleteRule>
<referredTableID>DD2A1E4F-2B0D-5706-BB2B-891D0294C368</referredTableID>
<keyObject>49B3D28F-F89B-87B1-E1E3-1013DC0554E7</keyObject>
<referredKeyID>49B3D28F-F89B-87B1-E1E3-1013DC0554E7</referredKeyID>
<mandatory>true</mandatory>
<refColNames>ID</refColNames>
<transferable>true</transferable>
<rely>false</rely>
<columnDependencyConstraintGenerateInDDL>true</columnDependencyConstraintGenerateInDDL>
</FKIndexAssociation>