<?xml version = '1.0' encoding = 'UTF-8'?>
<FKIndexAssociation class="oracle.dbtools.crest.model.design.relational.FKIndexAssociation" directorySegmentName="seg_0" id="A74BABF7-3AF5-B212-E9A1-14DF303AB215" containerWithKeyObject="69B2A742-BF22-6187-70C2-C170AFB5637E" localFKIndex="A8429A7C-BEFC-40A9-9304-4F053C476CE1" name="Expediente_Titulación_FK">
<createdBy>cabre</createdBy>
<createdTime>2021-03-26 16:21:30 UTC</createdTime>
<generatorID>8CE62AB9-471F-C38E-3950-032AEC59B897</generatorID>
<ownerDesignName>modelo</ownerDesignName>
<referredTableLongName>Titulación</referredTableLongName>
<deleteRule>NO ACTION</deleteRule>
<referredTableID>032EC9E4-1468-BC38-ACEC-E1E25769443A</referredTableID>
<keyObject>4F63D6CD-62F1-4FEA-6BE9-74123AFCBDB7</keyObject>
<referredKeyID>4F63D6CD-62F1-4FEA-6BE9-74123AFCBDB7</referredKeyID>
<mandatory>true</mandatory>
<refColNames>Código</refColNames>
<transferable>true</transferable>
<rely>false</rely>
<columnDependencyConstraintGenerateInDDL>true</columnDependencyConstraintGenerateInDDL>
</FKIndexAssociation>