<?xml version = '1.0' encoding = 'UTF-8'?>
<FKIndexAssociation class="oracle.dbtools.crest.model.design.relational.FKIndexAssociation" directorySegmentName="seg_0" id="A75E19F2-C424-3BCC-DFB6-8954431439A6" containerWithKeyObject="C7CF726E-2409-8007-AE49-45A9119811F1" localFKIndex="554FF4A5-F3FE-E5BA-6D56-92BC6F516138" name="Grupo_Grupo_FK">
<createdBy>cabre</createdBy>
<createdTime>2021-03-26 16:21:30 UTC</createdTime>
<generatorID>CDCAA5DC-2F96-D7F7-CA3F-3DE6951CB8B4</generatorID>
<ownerDesignName>modelo</ownerDesignName>
<referredTableLongName>Grupo</referredTableLongName>
<deleteRule>NO ACTION</deleteRule>
<referredTableID>C7CF726E-2409-8007-AE49-45A9119811F1</referredTableID>
<keyObject>582CC784-BE53-4A9C-63BC-B73CADB0E31F</keyObject>
<referredKeyID>582CC784-BE53-4A9C-63BC-B73CADB0E31F</referredKeyID>
<mandatory>false</mandatory>
<refColNames>ID</refColNames>
<transferable>true</transferable>
<rely>false</rely>
<columnDependencyConstraintGenerateInDDL>true</columnDependencyConstraintGenerateInDDL>
</FKIndexAssociation>