<?xml version = '1.0' encoding = 'UTF-8'?>
<FKIndexAssociation class="oracle.dbtools.crest.model.design.relational.FKIndexAssociation" directorySegmentName="seg_0" id="B2113BA2-4C0E-924B-4CAF-329BEF43ABE8" containerWithKeyObject="083B687E-C331-DC3A-6B57-27B7333E9EA0" localFKIndex="FA550D90-FADA-3424-2F62-02D12EB57438" name="Relation_9_Encuesta_FK">
<createdBy>cabre</createdBy>
<createdTime>2021-03-26 16:21:30 UTC</createdTime>
<generatorID>81291B25-B3A3-8DCF-E525-680DB5CAB347</generatorID>
<ownerDesignName>modelo</ownerDesignName>
<referredTableLongName>Encuesta</referredTableLongName>
<deleteRule>NO ACTION</deleteRule>
<referredTableID>25934634-367C-3EA7-ECEF-A278E578A14F</referredTableID>
<keyObject>5D25D987-114E-B97A-5705-7CC46DE25377</keyObject>
<referredKeyID>5D25D987-114E-B97A-5705-7CC46DE25377</referredKeyID>
<mandatory>true</mandatory>
<refColNames>Fecha_de_envío</refColNames>
<transferable>true</transferable>
<rely>false</rely>
<columnDependencyConstraintGenerateInDDL>true</columnDependencyConstraintGenerateInDDL>
</FKIndexAssociation>