<?xml version = '1.0' encoding = 'UTF-8'?>
<FKIndexAssociation class="oracle.dbtools.crest.model.design.relational.FKIndexAssociation" directorySegmentName="seg_0" id="B3529B74-1C6C-C67B-26E0-FBE0C9940FFA" containerWithKeyObject="E9F93EF4-B04D-787E-18CD-E1DA6DBFDEC2" localFKIndex="59934639-815A-0641-400D-D93617950AB9" name="Asignaturas_Matrícula_Matrícula_FK">
<createdBy>cabre</createdBy>
<createdTime>2021-03-26 16:21:30 UTC</createdTime>
<generatorID>BA5D62B7-1646-9ADA-FABF-7EAA716A430E</generatorID>
<ownerDesignName>modelo</ownerDesignName>
<referredTableLongName>Matrícula</referredTableLongName>
<deleteRule>NO ACTION</deleteRule>
<referredTableID>8499EFEF-87EB-9425-072F-CA0C69D7EFC6</referredTableID>
<keyObject>53DA9386-1321-3A9E-8426-6FBF8244705D</keyObject>
<referredKeyID>53DA9386-1321-3A9E-8426-6FBF8244705D</referredKeyID>
<mandatory>true</mandatory>
<refColNames>Curso_academico,Expediente_Num_Expediente</refColNames>
<transferable>true</transferable>
<rely>false</rely>
<columnDependencyConstraintGenerateInDDL>true</columnDependencyConstraintGenerateInDDL>
</FKIndexAssociation>