<?xml version = '1.0' encoding = 'UTF-8'?>
<FKIndexAssociation class="oracle.dbtools.crest.model.design.relational.FKIndexAssociation" directorySegmentName="seg_0" id="E5F030EE-EF63-476B-FF70-509F6ADC2AB7" containerWithKeyObject="8499EFEF-87EB-9425-072F-CA0C69D7EFC6" localFKIndex="AFAAC53C-0782-C7C1-4BE2-E199968F380F" name="Matrícula_Expediente_FK">
<createdBy>cabre</createdBy>
<createdTime>2021-03-26 16:21:30 UTC</createdTime>
<generatorID>627E3612-BC64-6F78-0029-8B343BF694EF</generatorID>
<ownerDesignName>modelo</ownerDesignName>
<referredTableLongName>Expediente</referredTableLongName>
<deleteRule>NO ACTION</deleteRule>
<referredTableID>69B2A742-BF22-6187-70C2-C170AFB5637E</referredTableID>
<keyObject>939239C3-336D-F916-3BA3-D50ABF2E0AFF</keyObject>
<referredKeyID>939239C3-336D-F916-3BA3-D50ABF2E0AFF</referredKeyID>
<mandatory>true</mandatory>
<refColNames>Num_Expediente</refColNames>
<transferable>true</transferable>
<rely>false</rely>
<columnDependencyConstraintGenerateInDDL>true</columnDependencyConstraintGenerateInDDL>
</FKIndexAssociation>