<?xml version = '1.0' encoding = 'UTF-8'?>
<FKIndexAssociation class="oracle.dbtools.crest.model.design.relational.FKIndexAssociation" directorySegmentName="seg_0" id="F9C4D0A5-AC4D-11DB-6980-72C862A39031" containerWithKeyObject="E9F93EF4-B04D-787E-18CD-E1DA6DBFDEC2" localFKIndex="FF1CE665-2A0E-1EB6-0C80-CA415ABA78B0" name="Asignaturas_Matrícula_Grupo_FK">
<createdBy>cabre</createdBy>
<createdTime>2021-03-26 16:21:30 UTC</createdTime>
<generatorID>B4A1554F-5BC0-D16C-AD33-39801766187E</generatorID>
<ownerDesignName>modelo</ownerDesignName>
<referredTableLongName>Grupo</referredTableLongName>
<deleteRule>NO ACTION</deleteRule>
<referredTableID>C7CF726E-2409-8007-AE49-45A9119811F1</referredTableID>
<keyObject>582CC784-BE53-4A9C-63BC-B73CADB0E31F</keyObject>
<referredKeyID>582CC784-BE53-4A9C-63BC-B73CADB0E31F</referredKeyID>
<mandatory>false</mandatory>
<refColNames>ID</refColNames>
<transferable>true</transferable>
<rely>false</rely>
<columnDependencyConstraintGenerateInDDL>true</columnDependencyConstraintGenerateInDDL>
</FKIndexAssociation>