<?xml version = '1.0' encoding = 'UTF-8'?>
<Relation class="oracle.dbtools.crest.model.design.logical.Relation" name="Relation_8" directorySegmentName="seg_0" id="14495378-8D71-A31A-AA46-BA8517EDBB5F">
<createdBy>cabre</createdBy>
<createdTime>2021-03-24 15:51:14 UTC</createdTime>
<ownerDesignName>modelo</ownerDesignName>
<engineerTo>
<item key="028B46F4-E5A8-415F-3577-29714EB2A016" value="true"/>
</engineerTo>
<sourcePk>9E5CA620-6C92-2460-CFB8-12A1ED292BE9</sourcePk>
<identifying>false</identifying>
<optionalSource>true</optionalSource>
<optionalTarget>false</optionalTarget>
<sourceCardinality>1</sourceCardinality>
<sourceEntity>C0ABA883-AD91-46F3-324D-5B053EBCC21F</sourceEntity>
<targetCardinalityString>*</targetCardinalityString>
<targetEntity>CA77D434-412A-F3B2-D024-70B9C8E7E326</targetEntity>
<transferable>true</transferable>
<deleteRule>NO ACTION</deleteRule>
</Relation>