<?xml version = '1.0' encoding = 'UTF-8'?>
<Relation class="oracle.dbtools.crest.model.design.logical.Relation" name="Relation_16" directorySegmentName="seg_0" id="3845C690-130A-D7CC-BBFA-ACEA84BCD2E9">
<createdBy>cabre</createdBy>
<createdTime>2021-03-24 15:52:37 UTC</createdTime>
<ownerDesignName>modelo</ownerDesignName>
<engineerTo>
<item key="028B46F4-E5A8-415F-3577-29714EB2A016" value="true"/>
</engineerTo>
<identifying>false</identifying>
<nameOnSource>están en</nameOnSource>
<nameOnTarget>Tiene</nameOnTarget>
<optionalSource>false</optionalSource>
<optionalTarget>true</optionalTarget>
<sourceCardinality>*</sourceCardinality>
<sourceEntity>8AA4D135-2FDF-4529-5118-690183A206DE</sourceEntity>
<targetCardinalityString>*</targetCardinalityString>
<targetEntity>60C958D4-E3F7-AF91-028C-CF408F2D5430</targetEntity>
<transferable>true</transferable>
<deleteRule>NO ACTION</deleteRule>
</Relation>