<?xml version = '1.0' encoding = 'UTF-8'?>
<Relation class="oracle.dbtools.crest.model.design.logical.Relation" name="Relation_18" directorySegmentName="seg_0" id="627E3612-BC64-6F78-0029-8B343BF694EF">
<createdBy>cabre</createdBy>
<createdTime>2021-03-24 15:52:59 UTC</createdTime>
<ownerDesignName>modelo</ownerDesignName>
<engineerTo>
<item key="028B46F4-E5A8-415F-3577-29714EB2A016" value="true"/>
</engineerTo>
<sourcePk>9E5CA620-6C92-2460-CFB8-12A1ED292BE9</sourcePk>
<identifying>true</identifying>
<nameOnSource>realiza</nameOnSource>
<nameOnTarget>pertenece</nameOnTarget>
<optionalSource>true</optionalSource>
<optionalTarget>false</optionalTarget>
<sourceCardinality>1</sourceCardinality>
<sourceEntity>C0ABA883-AD91-46F3-324D-5B053EBCC21F</sourceEntity>
<targetCardinalityString>*</targetCardinalityString>
<targetEntity>94B6937D-DFE8-EB56-04DA-6CD6685D9858</targetEntity>
<transferable>true</transferable>
<deleteRule>NO ACTION</deleteRule>
</Relation>