<?xml version = '1.0' encoding = 'UTF-8'?>
<Relation class="oracle.dbtools.crest.model.design.logical.Relation" name="Relation_14" directorySegmentName="seg_0" id="73015F5F-14EF-4FD0-7188-2249A8189EDA">
<createdBy>cabre</createdBy>
<createdTime>2021-03-24 15:52:11 UTC</createdTime>
<ownerDesignName>modelo</ownerDesignName>
<engineerTo>
<item key="028B46F4-E5A8-415F-3577-29714EB2A016" value="true"/>
</engineerTo>
<sourcePk>C9B5FF85-7EF8-A914-DD5A-B3482527CE31</sourcePk>
<identifying>false</identifying>
<nameOnSource>Tiene</nameOnSource>
<nameOnTarget>pertenecen a</nameOnTarget>
<optionalSource>true</optionalSource>
<optionalTarget>false</optionalTarget>
<sourceCardinality>1</sourceCardinality>
<sourceEntity>8AA4D135-2FDF-4529-5118-690183A206DE</sourceEntity>
<targetCardinalityString>*</targetCardinalityString>
<targetEntity>17E2E98D-1086-5694-787F-15F74F6D24FB</targetEntity>
<transferable>true</transferable>
<deleteRule>NO ACTION</deleteRule>
</Relation>