<?xml version = '1.0' encoding = 'UTF-8'?>
<Relation class="oracle.dbtools.crest.model.design.logical.Relation" name="Relation_9" directorySegmentName="seg_0" id="81291B25-B3A3-8DCF-E525-680DB5CAB347">
<createdBy>cabre</createdBy>
<createdTime>2021-03-24 15:51:22 UTC</createdTime>
<ownerDesignName>modelo</ownerDesignName>
<engineerTo>
<item key="028B46F4-E5A8-415F-3577-29714EB2A016" value="true"/>
</engineerTo>
<identifying>false</identifying>
<optionalSource>true</optionalSource>
<optionalTarget>true</optionalTarget>
<sourceCardinality>*</sourceCardinality>
<sourceEntity>CA77D434-412A-F3B2-D024-70B9C8E7E326</sourceEntity>
<targetCardinalityString>*</targetCardinalityString>
<targetEntity>0C38F240-6E28-6FF6-D418-7D6C3B9840A2</targetEntity>
<transferable>true</transferable>
<deleteRule>NO ACTION</deleteRule>
</Relation>