<?xml version = '1.0' encoding = 'UTF-8'?>
<Relation class="oracle.dbtools.crest.model.design.logical.Relation" name="Relation_17" directorySegmentName="seg_0" id="8CE62AB9-471F-C38E-3950-032AEC59B897">
<createdBy>cabre</createdBy>
<createdTime>2021-03-24 15:52:47 UTC</createdTime>
<ownerDesignName>modelo</ownerDesignName>
<engineerTo>
<item key="028B46F4-E5A8-415F-3577-29714EB2A016" value="true"/>
</engineerTo>
<sourcePk>C9B5FF85-7EF8-A914-DD5A-B3482527CE31</sourcePk>
<identifying>false</identifying>
<optionalSource>true</optionalSource>
<optionalTarget>false</optionalTarget>
<sourceCardinality>1</sourceCardinality>
<sourceEntity>8AA4D135-2FDF-4529-5118-690183A206DE</sourceEntity>
<targetCardinalityString>*</targetCardinalityString>
<targetEntity>C0ABA883-AD91-46F3-324D-5B053EBCC21F</targetEntity>
<transferable>true</transferable>
<deleteRule>NO ACTION</deleteRule>
</Relation>