<?xml version = '1.0' encoding = 'UTF-8'?>
<Relation class="oracle.dbtools.crest.model.design.logical.Relation" name="Relation_4" directorySegmentName="seg_0" id="9D7989B6-8EC3-E443-31F5-4CEE79C080F0">
<createdBy>cabre</createdBy>
<createdTime>2021-03-24 15:48:53 UTC</createdTime>
<ownerDesignName>modelo</ownerDesignName>
<engineerTo>
<item key="028B46F4-E5A8-415F-3577-29714EB2A016" value="true"/>
</engineerTo>
<sourcePk>6CE5237A-9622-49B7-3778-9E4EC1C07251</sourcePk>
<identifying>true</identifying>
<optionalSource>true</optionalSource>
<optionalTarget>false</optionalTarget>
<sourceCardinality>1</sourceCardinality>
<sourceEntity>17E2E98D-1086-5694-787F-15F74F6D24FB</sourceEntity>
<targetCardinalityString>*</targetCardinalityString>
<targetEntity>001CF29F-EA05-88EA-FF85-35C6E4E240E5</targetEntity>
<transferable>true</transferable>
<deleteRule>NO ACTION</deleteRule>
</Relation>