<?xml version = '1.0' encoding = 'UTF-8'?>
<Relation class="oracle.dbtools.crest.model.design.logical.Relation" name="Relation_15" directorySegmentName="seg_0" id="B367767D-9B2D-5A57-6E1F-A8C1139664EC">
<createdBy>cabre</createdBy>
<createdTime>2021-03-24 15:52:17 UTC</createdTime>
<ownerDesignName>modelo</ownerDesignName>
<engineerTo>
<item key="028B46F4-E5A8-415F-3577-29714EB2A016" value="true"/>
</engineerTo>
<sourcePk>C9B5FF85-7EF8-A914-DD5A-B3482527CE31</sourcePk>
<identifying>false</identifying>
<optionalSource>true</optionalSource>
<optionalTarget>false</optionalTarget>
<sourceCardinality>1</sourceCardinality>
<sourceEntity>8AA4D135-2FDF-4529-5118-690183A206DE</sourceEntity>
<targetCardinalityString>*</targetCardinalityString>
<targetEntity>050E727D-2842-84E5-7758-C13AB2948C2B</targetEntity>
<transferable>true</transferable>
<deleteRule>NO ACTION</deleteRule>
</Relation>