<?xml version = '1.0' encoding = 'UTF-8'?>
<Relation class="oracle.dbtools.crest.model.design.logical.Relation" name="Relation_5" directorySegmentName="seg_0" id="B4A1554F-5BC0-D16C-AD33-39801766187E">
<createdBy>cabre</createdBy>
<createdTime>2021-03-24 15:50:19 UTC</createdTime>
<ownerDesignName>modelo</ownerDesignName>
<engineerTo>
<item key="028B46F4-E5A8-415F-3577-29714EB2A016" value="true"/>
</engineerTo>
<sourcePk>75BB2C0E-FCAE-0D15-B8D9-FC0DE6AF15F0</sourcePk>
<identifying>false</identifying>
<optionalSource>true</optionalSource>
<optionalTarget>true</optionalTarget>
<sourceCardinality>1</sourceCardinality>
<sourceEntity>050E727D-2842-84E5-7758-C13AB2948C2B</sourceEntity>
<targetCardinalityString>*</targetCardinalityString>
<targetEntity>001CF29F-EA05-88EA-FF85-35C6E4E240E5</targetEntity>
<transferable>true</transferable>
<deleteRule>NO ACTION</deleteRule>
</Relation>