<?xml version = '1.0' encoding = 'UTF-8'?>
<Relation class="oracle.dbtools.crest.model.design.logical.Relation" name="Relation_3" directorySegmentName="seg_0" id="BA5D62B7-1646-9ADA-FABF-7EAA716A430E">
<createdBy>cabre</createdBy>
<createdTime>2021-03-24 15:48:44 UTC</createdTime>
<ownerDesignName>modelo</ownerDesignName>
<engineerTo>
<item key="028B46F4-E5A8-415F-3577-29714EB2A016" value="true"/>
</engineerTo>
<sourcePk>7F2F8634-D267-6FB2-EFEA-EB2F7558C89E</sourcePk>
<identifying>true</identifying>
<optionalSource>true</optionalSource>
<optionalTarget>false</optionalTarget>
<sourceCardinality>1</sourceCardinality>
<sourceEntity>94B6937D-DFE8-EB56-04DA-6CD6685D9858</sourceEntity>
<targetCardinalityString>*</targetCardinalityString>
<targetEntity>001CF29F-EA05-88EA-FF85-35C6E4E240E5</targetEntity>
<transferable>true</transferable>
<deleteRule>NO ACTION</deleteRule>
</Relation>