<?xml version = '1.0' encoding = 'UTF-8'?>
<Relation class="oracle.dbtools.crest.model.design.logical.Relation" name="Relation_11" directorySegmentName="seg_0" id="CDCAA5DC-2F96-D7F7-CA3F-3DE6951CB8B4">
<createdBy>cabre</createdBy>
<createdTime>2021-03-24 15:51:43 UTC</createdTime>
<ownerDesignName>modelo</ownerDesignName>
<engineerTo>
<item key="028B46F4-E5A8-415F-3577-29714EB2A016" value="true"/>
</engineerTo>
<targetPk>75BB2C0E-FCAE-0D15-B8D9-FC0DE6AF15F0</targetPk>
<identifying>false</identifying>
<optionalSource>true</optionalSource>
<optionalTarget>true</optionalTarget>
<sourceCardinality>1</sourceCardinality>
<sourceEntity>050E727D-2842-84E5-7758-C13AB2948C2B</sourceEntity>
<targetCardinalityString>*</targetCardinalityString>
<targetEntity>050E727D-2842-84E5-7758-C13AB2948C2B</targetEntity>
<transferable>true</transferable>
<deleteRule>NO ACTION</deleteRule>
</Relation>