<?xml version = '1.0' encoding = 'UTF-8'?>
<Relation class="oracle.dbtools.crest.model.design.logical.Relation" name="Relation_12" directorySegmentName="seg_0" id="D85963B6-776D-FFB3-E70B-6ED76ED12B5A">
<createdBy>cabre</createdBy>
<createdTime>2021-03-24 15:51:53 UTC</createdTime>
<ownerDesignName>modelo</ownerDesignName>
<engineerTo>
<item key="028B46F4-E5A8-415F-3577-29714EB2A016" value="true"/>
</engineerTo>
<sourcePk>6CE5237A-9622-49B7-3778-9E4EC1C07251</sourcePk>
<identifying>false</identifying>
<optionalSource>true</optionalSource>
<optionalTarget>false</optionalTarget>
<sourceCardinality>1</sourceCardinality>
<sourceEntity>17E2E98D-1086-5694-787F-15F74F6D24FB</sourceEntity>
<targetCardinalityString>*</targetCardinalityString>
<targetEntity>EB7DFE65-57B4-CDA4-ACAD-D5DB92B97B90</targetEntity>
<transferable>true</transferable>
<deleteRule>NO ACTION</deleteRule>
</Relation>