<?xml version = '1.0' encoding = 'UTF-8'?>
<Relation class="oracle.dbtools.crest.model.design.logical.Relation" name="Relation_7" directorySegmentName="seg_0" id="DAF0BA37-C719-A963-BCED-1278787AFAC7">
<createdBy>cabre</createdBy>
<createdTime>2021-03-24 15:51:03 UTC</createdTime>
<ownerDesignName>modelo</ownerDesignName>
<engineerTo>
<item key="028B46F4-E5A8-415F-3577-29714EB2A016" value="true"/>
</engineerTo>
<sourcePk>31CD5084-1F84-3B2B-D6C3-3DFF472013A2</sourcePk>
<identifying>false</identifying>
<optionalSource>true</optionalSource>
<optionalTarget>false</optionalTarget>
<sourceCardinality>1</sourceCardinality>
<sourceEntity>2A6E4AAF-11DF-23E8-22F6-17C2EDDC87EF</sourceEntity>
<targetCardinalityString>*</targetCardinalityString>
<targetEntity>C0ABA883-AD91-46F3-324D-5B053EBCC21F</targetEntity>
<transferable>true</transferable>
<deleteRule>NO ACTION</deleteRule>
</Relation>