<?xml version = '1.0' encoding = 'UTF-8'?>
<Relation class="oracle.dbtools.crest.model.design.logical.Relation" name="Relation_13" directorySegmentName="seg_0" id="F8F20564-A66F-43BF-5787-80274639D490">
<createdBy>cabre</createdBy>
<createdTime>2021-03-24 15:52:05 UTC</createdTime>
<ownerDesignName>modelo</ownerDesignName>
<engineerTo>
<item key="028B46F4-E5A8-415F-3577-29714EB2A016" value="true"/>
</engineerTo>
<sourcePk>6CE5237A-9622-49B7-3778-9E4EC1C07251</sourcePk>
<identifying>true</identifying>
<optionalSource>true</optionalSource>
<optionalTarget>false</optionalTarget>
<sourceCardinality>1</sourceCardinality>
<sourceEntity>17E2E98D-1086-5694-787F-15F74F6D24FB</sourceEntity>
<targetCardinalityString>*</targetCardinalityString>
<targetEntity>0C38F240-6E28-6FF6-D418-7D6C3B9840A2</targetEntity>
<transferable>true</transferable>
<deleteRule>NO ACTION</deleteRule>
</Relation>