<?xml version = '1.0' encoding = 'UTF-8'?>
<Relation class="oracle.dbtools.crest.model.design.logical.Relation" name="Relation_10" directorySegmentName="seg_0" id="F95D837C-78CA-46AD-5AA6-12A206214370">
<createdBy>cabre</createdBy>
<createdTime>2021-03-24 15:51:36 UTC</createdTime>
<ownerDesignName>modelo</ownerDesignName>
<engineerTo>
<item key="028B46F4-E5A8-415F-3577-29714EB2A016" value="true"/>
</engineerTo>
<sourcePk>75BB2C0E-FCAE-0D15-B8D9-FC0DE6AF15F0</sourcePk>
<identifying>true</identifying>
<optionalSource>true</optionalSource>
<optionalTarget>false</optionalTarget>
<sourceCardinality>1</sourceCardinality>
<sourceEntity>050E727D-2842-84E5-7758-C13AB2948C2B</sourceEntity>
<targetCardinalityString>*</targetCardinalityString>
<targetEntity>EB7DFE65-57B4-CDA4-ACAD-D5DB92B97B90</targetEntity>
<transferable>true</transferable>
<deleteRule>NO ACTION</deleteRule>
</Relation>