<?xml version = '1.0' encoding = 'UTF-8'?>
<relationalModel class="oracle.dbtools.crest.model.design.relational.RelationalDesign" name="Relational_1" id="028B46F4-E5A8-415F-3577-29714EB2A016" mainViewID="7E69C271-6C2C-6CF4-8C1E-9B69FD0101F1">
<createdBy>cabre</createdBy>
<createdTime>2021-03-18 12:46:48 UTC</createdTime>
<ownerDesignName>ModeloEntidad-Relación</ownerDesignName>
<shouldBeOpen>true</shouldBeOpen>
<selectedRDBMSSite>32076570-2523-435C-2E92-BF29817DFF70</selectedRDBMSSite>
</relationalModel>