<?xml version = '1.0' encoding = 'UTF-8'?>
<Diagram class="oracle.dbtools.crest.swingui.relational.DPVRelational" name="Relational_1" id="7E69C271-6C2C-6CF4-8C1E-9B69FD0101F1">
<createdBy>cabre</createdBy>
<modifiedBy>cabre</modifiedBy>
<createdTime>2021-03-18 13:22:51 UTC</createdTime>
<autoRoute>false</autoRoute>
<boxInbox>true</boxInbox>
<showLegend>false</showLegend>
<showLabels>false</showLabels>
<showRelAttributes>false</showRelAttributes>
<gridEnabled>false</gridEnabled>
<showGrid>false</showGrid>
<diagramColor>-1</diagramColor>
<display>false</display>
<notation>1</notation>
<objectViews>
<OView class="oracle.dbtools.crest.swingui.relational.TVTable" oid="032EC9E4-1468-BC38-ACEC-E1E25769443A" otype="Table" vid="7D776ACE-9E89-B897-0FB9-4AF764F856A7">
<hideElementsInCurrentOnly>false</hideElementsInCurrentOnly>
<bounds x="73" y="30" width="232" height="86"/>
</OView>
<OView class="oracle.dbtools.crest.swingui.relational.TVTable" oid="083B687E-C331-DC3A-6B57-27B7333E9EA0" otype="Table" vid="84495D23-E56F-82A7-3FE3-4DBC2E55869E">
<hideElementsInCurrentOnly>false</hideElementsInCurrentOnly>
<bounds x="802" y="366" width="458" height="148"/>
</OView>
<OView class="oracle.dbtools.crest.swingui.relational.TVTable" oid="25934634-367C-3EA7-ECEF-A278E578A14F" otype="Table" vid="F7A20CC7-B265-0B49-4AF4-C246206C0519">
<hideElementsInCurrentOnly>false</hideElementsInCurrentOnly>
<bounds x="700" y="244" width="299" height="96"/>
</OView>
<OView class="oracle.dbtools.crest.swingui.relational.TVTable" oid="2B034109-32E0-217C-594E-9E3ADD0D9583" otype="Table" vid="51C195BB-C875-92D7-E7AC-405A5D0F0C87">
<hideElementsInCurrentOnly>false</hideElementsInCurrentOnly>
<bounds x="1388" y="468" width="232" height="225"/>
</OView>
<OView class="oracle.dbtools.crest.swingui.relational.TVTable" oid="532149AF-1294-5A60-B59D-F16974AD6D9F" otype="Table" vid="0B5EEF0E-7380-2A3F-F521-0D4E200759F3">
<hideElementsInCurrentOnly>false</hideElementsInCurrentOnly>
<bounds x="71" y="182" width="280" height="374"/>
</OView>
<OView class="oracle.dbtools.crest.swingui.relational.TVTable" oid="5C923CF0-8615-149F-8B63-5D9DECD9D72E" otype="Table" vid="8ECCB890-5E0B-D2F8-51DC-7DC28DBCDF5F">
<hideElementsInCurrentOnly>false</hideElementsInCurrentOnly>
<bounds x="766" y="58" width="219" height="120"/>
</OView>
<OView class="oracle.dbtools.crest.swingui.relational.TVTable" oid="69B2A742-BF22-6187-70C2-C170AFB5637E" otype="Table" vid="FA169908-8E64-0412-DC00-A7E786982A01">
<hideElementsInCurrentOnly>false</hideElementsInCurrentOnly>
<bounds x="400" y="188" width="259" height="248"/>
</OView>
<OView class="oracle.dbtools.crest.swingui.relational.TVTable" oid="7CFCAC0B-2B7B-B79D-5CFF-89A1B830CFDD" otype="Table" vid="BC7B4B8C-153D-7CC9-89A8-E36C6C865156">
<hideElementsInCurrentOnly>false</hideElementsInCurrentOnly>
<bounds x="425" y="54" width="265" height="110"/>
</OView>
<OView class="oracle.dbtools.crest.swingui.relational.TVTable" oid="8499EFEF-87EB-9425-072F-CA0C69D7EFC6" otype="Table" vid="0F74FA02-5808-6C48-22C3-AF612997B6B9">
<hideElementsInCurrentOnly>false</hideElementsInCurrentOnly>
<bounds x="373" y="651" width="341" height="176"/>
</OView>
<OView class="oracle.dbtools.crest.swingui.relational.TVTable" oid="A9AA4A92-80FA-EC89-0D4D-C23969977A82" otype="Table" vid="15136333-6D00-E729-C349-E85AEB2CDCC6">
<hideElementsInCurrentOnly>false</hideElementsInCurrentOnly>
<bounds x="84" y="415" width="230" height="106"/>
</OView>
<OView class="oracle.dbtools.crest.swingui.relational.TVTable" oid="C1980C0E-41CC-68DD-706E-A1174B84D404" otype="Table" vid="1C0556A2-FC2D-8412-0547-E62BD48C2198">
<hideElementsInCurrentOnly>false</hideElementsInCurrentOnly>
<bounds x="1383" y="47" width="238" height="395"/>
</OView>
<OView class="oracle.dbtools.crest.swingui.relational.TVTable" oid="C7CF726E-2409-8007-AE49-45A9119811F1" otype="Table" vid="3A3983BB-4ED6-445E-AD23-7189445471F7">
<hideElementsInCurrentOnly>false</hideElementsInCurrentOnly>
<bounds x="1144" y="979" width="250" height="240"/>
</OView>
<OView class="oracle.dbtools.crest.swingui.relational.TVTable" oid="DD2A1E4F-2B0D-5706-BB2B-891D0294C368" otype="Table" vid="E0E6E254-9E41-3E20-F0E7-94D003B93B9F">
<hideElementsInCurrentOnly>false</hideElementsInCurrentOnly>
<bounds x="1039" y="58" width="230" height="248"/>
</OView>
<OView class="oracle.dbtools.crest.swingui.relational.TVTable" oid="E9F93EF4-B04D-787E-18CD-E1DA6DBFDEC2" otype="Table" vid="8CCBE7DA-9F65-FE04-93C8-55C723305A43">
<hideElementsInCurrentOnly>false</hideElementsInCurrentOnly>
<bounds x="252" y="868" width="609" height="165"/>
</OView>
<OView class="oracle.dbtools.crest.swingui.relational.TVTable" oid="F25DC599-0DB1-FD97-FFB8-05FE1C9A3B3D" otype="Table" vid="2F7D45D0-A9D9-EE0E-B88D-34D921BA7002">
<hideElementsInCurrentOnly>false</hideElementsInCurrentOnly>
<bounds x="36" y="1047" width="265" height="161"/>
</OView>
<OView class="oracle.dbtools.crest.swingui.relational.TVTable" oid="F7E316F7-6AAF-3627-6BEE-300F8C3A042C" otype="Table" vid="E88DB303-CD81-78B4-706B-7A1A61DC0CA0">
<hideElementsInCurrentOnly>false</hideElementsInCurrentOnly>
<bounds x="759" y="573" width="420" height="139"/>
</OView>
</objectViews>
<connectors>
<Connector class="oracle.dbtools.crest.swingui.relational.TVFKRelation" oid="03D788DB-8EDB-C041-6C37-D56061E54058" otype="FKIndexAssociation" vid_source="8ECCB890-5E0B-D2F8-51DC-7DC28DBCDF5F" vid_target="BC7B4B8C-153D-7CC9-89A8-E36C6C865156">
<hideElementsInCurrentOnly>false</hideElementsInCurrentOnly>
<backgroundColor>-16777216</backgroundColor>
<lineWidth>1</lineWidth>
<points>
<point x="766" y="111"/>
<point x="690" y="111"/>
</points>
</Connector>
<Connector class="oracle.dbtools.crest.swingui.relational.TVFKRelation" oid="0595A525-0534-E135-27CC-1349C8A25C4D" otype="FKIndexAssociation" vid_source="FA169908-8E64-0412-DC00-A7E786982A01" vid_target="F7A20CC7-B265-0B49-4AF4-C246206C0519">
<hideElementsInCurrentOnly>false</hideElementsInCurrentOnly>
<backgroundColor>-16777216</backgroundColor>
<lineWidth>1</lineWidth>
<points>
<point x="659" y="292"/>
<point x="700" y="292"/>
</points>
</Connector>
<Connector class="oracle.dbtools.crest.swingui.relational.TVFKRelation" oid="066355D2-06B0-35A4-3709-5B92829CEA12" otype="FKIndexAssociation" vid_source="0B5EEF0E-7380-2A3F-F521-0D4E200759F3" vid_target="2F7D45D0-A9D9-EE0E-B88D-34D921BA7002">
<hideElementsInCurrentOnly>false</hideElementsInCurrentOnly>
<backgroundColor>-16777216</backgroundColor>
<lineWidth>1</lineWidth>
<points>
<point x="186" y="556"/>
<point x="186" y="1047"/>
</points>
</Connector>
<Connector class="oracle.dbtools.crest.swingui.relational.TVFKRelation" oid="1525571B-2132-D02E-B167-8885C5C20EF7" otype="FKIndexAssociation" vid_source="7D776ACE-9E89-B897-0FB9-4AF764F856A7" vid_target="BC7B4B8C-153D-7CC9-89A8-E36C6C865156">
<hideElementsInCurrentOnly>false</hideElementsInCurrentOnly>
<backgroundColor>-16777216</backgroundColor>
<lineWidth>1</lineWidth>
<points>
<point x="305" y="85"/>
<point x="425" y="85"/>
</points>
</Connector>
<Connector class="oracle.dbtools.crest.swingui.relational.TVFKRelation" oid="1EDC0356-FAE4-1739-3A91-22CDEBDD3702" otype="FKIndexAssociation" vid_source="0B5EEF0E-7380-2A3F-F521-0D4E200759F3" vid_target="8CCBE7DA-9F65-FE04-93C8-55C723305A43">
<hideElementsInCurrentOnly>false</hideElementsInCurrentOnly>
<backgroundColor>-16777216</backgroundColor>
<lineWidth>1</lineWidth>
<points>
<point x="310" y="556"/>
<point x="310" y="642"/>
<point x="310" y="868"/>
</points>
</Connector>
<Connector class="oracle.dbtools.crest.swingui.relational.TVFKRelation" oid="373AB7C8-A4E7-A079-CB1B-869AD0EA4E7C" otype="FKIndexAssociation" vid_source="0B5EEF0E-7380-2A3F-F521-0D4E200759F3" vid_target="E88DB303-CD81-78B4-706B-7A1A61DC0CA0">
<hideElementsInCurrentOnly>false</hideElementsInCurrentOnly>
<backgroundColor>-16777216</backgroundColor>
<lineWidth>1</lineWidth>
<points>
<point x="351" y="419"/>
<point x="776" y="573"/>
</points>
</Connector>
<Connector class="oracle.dbtools.crest.swingui.relational.TVFKRelation" oid="45B747D5-CF1E-5491-4E01-7AEB439F6EED" otype="FKIndexAssociation" vid_source="7D776ACE-9E89-B897-0FB9-4AF764F856A7" vid_target="3A3983BB-4ED6-445E-AD23-7189445471F7">
<hideElementsInCurrentOnly>false</hideElementsInCurrentOnly>
<backgroundColor>-16777216</backgroundColor>
<lineWidth>1</lineWidth>
<points>
<point x="305" y="46"/>
<point x="1305" y="46"/>
<point x="1305" y="979"/>
</points>
</Connector>
<Connector class="oracle.dbtools.crest.swingui.relational.TVFKRelation" oid="4E0DB076-CEA9-3B09-1749-D9F210000705" otype="FKIndexAssociation" vid_source="7D776ACE-9E89-B897-0FB9-4AF764F856A7" vid_target="0B5EEF0E-7380-2A3F-F521-0D4E200759F3">
<hideElementsInCurrentOnly>false</hideElementsInCurrentOnly>
<backgroundColor>-16777216</backgroundColor>
<lineWidth>1</lineWidth>
<points>
<point x="204" y="116"/>
<point x="204" y="182"/>
</points>
</Connector>
<Connector class="oracle.dbtools.crest.swingui.relational.TVFKRelation" oid="525E96CB-3B2B-B760-CFE4-AD76ED3C5CF6" otype="FKIndexAssociation" vid_source="E88DB303-CD81-78B4-706B-7A1A61DC0CA0" vid_target="84495D23-E56F-82A7-3FE3-4DBC2E55869E">
<hideElementsInCurrentOnly>false</hideElementsInCurrentOnly>
<backgroundColor>-16777216</backgroundColor>
<lineWidth>1</lineWidth>
<points>
<point x="990" y="573"/>
<point x="990" y="514"/>
</points>
</Connector>
<Connector class="oracle.dbtools.crest.swingui.relational.TVFKRelation" oid="65227C54-410B-C7C7-A860-FA1667C32718" otype="FKIndexAssociation" vid_source="3A3983BB-4ED6-445E-AD23-7189445471F7" vid_target="E88DB303-CD81-78B4-706B-7A1A61DC0CA0">
<hideElementsInCurrentOnly>false</hideElementsInCurrentOnly>
<backgroundColor>-16777216</backgroundColor>
<lineWidth>1</lineWidth>
<points>
<point x="1161" y="979"/>
<point x="1161" y="712"/>
</points>
</Connector>
<Connector class="oracle.dbtools.crest.swingui.relational.TVFKRelation" oid="9143AF38-8746-CE0B-5C1A-A3DD7179BE78" otype="FKIndexAssociation" vid_source="0B5EEF0E-7380-2A3F-F521-0D4E200759F3" vid_target="15136333-6D00-E729-C349-E85AEB2CDCC6">
<hideElementsInCurrentOnly>false</hideElementsInCurrentOnly>
<backgroundColor>-16777216</backgroundColor>
<lineWidth>1</lineWidth>
<points>
<point x="351" y="468"/>
<point x="84" y="468"/>
</points>
</Connector>
<Connector class="oracle.dbtools.crest.swingui.relational.TVFKRelation" oid="A513B7E2-2A0D-7D9D-476A-88A8232454CA" otype="FKIndexAssociation" vid_source="3A3983BB-4ED6-445E-AD23-7189445471F7" vid_target="2F7D45D0-A9D9-EE0E-B88D-34D921BA7002">
<hideElementsInCurrentOnly>false</hideElementsInCurrentOnly>
<backgroundColor>-16777216</backgroundColor>
<lineWidth>1</lineWidth>
<points>
<point x="1144" y="1127"/>
<point x="301" y="1127"/>
</points>
</Connector>
<Connector class="oracle.dbtools.crest.swingui.relational.TVFKRelation" oid="A6AC5121-3F54-EC4B-A7EA-99255CC10E2D" otype="FKIndexAssociation" vid_source="E0E6E254-9E41-3E20-F0E7-94D003B93B9F" vid_target="FA169908-8E64-0412-DC00-A7E786982A01">
<hideElementsInCurrentOnly>false</hideElementsInCurrentOnly>
<backgroundColor>-16777216</backgroundColor>
<lineWidth>1</lineWidth>
<points>
<point x="1039" y="221"/>
<point x="659" y="221"/>
</points>
</Connector>
<Connector class="oracle.dbtools.crest.swingui.relational.TVFKRelation" oid="A74BABF7-3AF5-B212-E9A1-14DF303AB215" otype="FKIndexAssociation" vid_source="7D776ACE-9E89-B897-0FB9-4AF764F856A7" vid_target="FA169908-8E64-0412-DC00-A7E786982A01">
<hideElementsInCurrentOnly>false</hideElementsInCurrentOnly>
<backgroundColor>-16777216</backgroundColor>
<lineWidth>1</lineWidth>
<points>
<point x="250" y="116"/>
<point x="400" y="221"/>
</points>
</Connector>
<Connector class="oracle.dbtools.crest.swingui.relational.TVFKRelation" oid="A75E19F2-C424-3BCC-DFB6-8954431439A6" otype="FKIndexAssociation" vid_source="3A3983BB-4ED6-445E-AD23-7189445471F7" vid_target="3A3983BB-4ED6-445E-AD23-7189445471F7">
<hideElementsInCurrentOnly>false</hideElementsInCurrentOnly>
<backgroundColor>-16777216</backgroundColor>
<lineWidth>1</lineWidth>
<points>
<point x="1394" y="1120"/>
<point x="1444" y="1120"/>
<point x="1444" y="1269"/>
<point x="1291" y="1269"/>
<point x="1291" y="1219"/>
</points>
</Connector>
<Connector class="oracle.dbtools.crest.swingui.relational.TVFKRelation" oid="B2113BA2-4C0E-924B-4CAF-329BEF43ABE8" otype="FKIndexAssociation" vid_source="F7A20CC7-B265-0B49-4AF4-C246206C0519" vid_target="84495D23-E56F-82A7-3FE3-4DBC2E55869E">
<hideElementsInCurrentOnly>false</hideElementsInCurrentOnly>
<backgroundColor>-16777216</backgroundColor>
<lineWidth>1</lineWidth>
<points>
<point x="900" y="340"/>
<point x="900" y="366"/>
</points>
</Connector>
<Connector class="oracle.dbtools.crest.swingui.relational.TVFKRelation" oid="B3529B74-1C6C-C67B-26E0-FBE0C9940FFA" otype="FKIndexAssociation" vid_source="0F74FA02-5808-6C48-22C3-AF612997B6B9" vid_target="8CCBE7DA-9F65-FE04-93C8-55C723305A43">
<hideElementsInCurrentOnly>false</hideElementsInCurrentOnly>
<backgroundColor>-16777216</backgroundColor>
<lineWidth>1</lineWidth>
<points>
<point x="543" y="827"/>
<point x="543" y="868"/>
</points>
</Connector>
<Connector class="oracle.dbtools.crest.swingui.relational.TVFKRelation" oid="E5F030EE-EF63-476B-FF70-509F6ADC2AB7" otype="FKIndexAssociation" vid_source="FA169908-8E64-0412-DC00-A7E786982A01" vid_target="0F74FA02-5808-6C48-22C3-AF612997B6B9">
<hideElementsInCurrentOnly>false</hideElementsInCurrentOnly>
<backgroundColor>-16777216</backgroundColor>
<lineWidth>1</lineWidth>
<points>
<point x="529" y="436"/>
<point x="529" y="651"/>
</points>
</Connector>
<Connector class="oracle.dbtools.crest.swingui.relational.TVFKRelation" oid="F9C4D0A5-AC4D-11DB-6980-72C862A39031" otype="FKIndexAssociation" vid_source="3A3983BB-4ED6-445E-AD23-7189445471F7" vid_target="8CCBE7DA-9F65-FE04-93C8-55C723305A43">
<hideElementsInCurrentOnly>false</hideElementsInCurrentOnly>
<backgroundColor>-16777216</backgroundColor>
<lineWidth>1</lineWidth>
<points>
<point x="1144" y="1006"/>
<point x="861" y="1006"/>
</points>
</Connector>
</connectors>
</Diagram>