<?xml version = '1.0' encoding = 'UTF-8'?>
<Diagram class="oracle.dbtools.crest.swingui.logical.DPVLogical" name="Logical" id="8DF1EA19-8599-B5F2-02E1-DA7713F9826A">
<createdBy>cabre</createdBy>
<modifiedBy>cabre</modifiedBy>
<createdTime>2021-03-18 12:49:39 UTC</createdTime>
<autoRoute>false</autoRoute>
<boxInbox>true</boxInbox>
<showLegend>false</showLegend>
<showLabels>true</showLabels>
<showRelAttributes>false</showRelAttributes>
<gridEnabled>false</gridEnabled>
<showGrid>false</showGrid>
<diagramColor>-1</diagramColor>
<display>false</display>
<notation>1</notation>
<objectViews>
<OView class="oracle.dbtools.crest.swingui.logical.TVEntity" oid="001CF29F-EA05-88EA-FF85-35C6E4E240E5" otype="Entity" vid="EB719334-22DA-529A-5A3B-DCB4D0DE30EF">
<hideElementsInCurrentOnly>false</hideElementsInCurrentOnly>
<bounds x="455" y="620" width="169" height="44"/>
</OView>
<OView class="oracle.dbtools.crest.swingui.logical.TVEntity" oid="050E727D-2842-84E5-7758-C13AB2948C2B" otype="Entity" vid="CE3FC87A-B03F-FF7C-74E9-9C9349C9F44F">
<hideElementsInCurrentOnly>false</hideElementsInCurrentOnly>
<bounds x="1119" y="582" width="186" height="147"/>
</OView>
<OView class="oracle.dbtools.crest.swingui.logical.TVEntity" oid="0758A558-0191-546D-0A60-F76A984F15D3" otype="Entity" vid="5AF8481D-934D-1E3B-211D-AA9FBF654102">
<hideElementsInCurrentOnly>false</hideElementsInCurrentOnly>
<bounds x="1342" y="37" width="192" height="384"/>
</OView>
<OView class="oracle.dbtools.crest.swingui.logical.TVEntity" oid="0C38F240-6E28-6FF6-D418-7D6C3B9840A2" otype="Entity" vid="9793B3EA-43B6-0DC0-CDEE-5B6A6B4A1D47">
<hideElementsInCurrentOnly>false</hideElementsInCurrentOnly>
<bounds x="790" y="369" width="170" height="62"/>
</OView>
<OView class="oracle.dbtools.crest.swingui.logical.TVEntity" oid="17E2E98D-1086-5694-787F-15F74F6D24FB" otype="Entity" vid="2D0B54FE-FFB4-AA3A-3003-E133BCBC84D1">
<hideElementsInCurrentOnly>false</hideElementsInCurrentOnly>
<bounds x="60" y="249" width="271" height="259"/>
</OView>
<OView class="oracle.dbtools.crest.swingui.logical.TVEntity" oid="18CD47C7-5190-F15E-156F-195C0DC27C48" otype="Entity" vid="BC8400D7-C1A2-058A-B463-1275D26EA334">
<hideElementsInCurrentOnly>false</hideElementsInCurrentOnly>
<bounds x="77" y="430" width="143" height="68"/>
</OView>
<OView class="oracle.dbtools.crest.swingui.logical.TVEntity" oid="2A6E4AAF-11DF-23E8-22F6-17C2EDDC87EF" otype="Entity" vid="D8ECA064-1257-2B70-88FC-A8440CC10FF9">
<hideElementsInCurrentOnly>false</hideElementsInCurrentOnly>
<bounds x="938" y="135" width="228" height="209"/>
</OView>
<OView class="oracle.dbtools.crest.swingui.logical.TVEntity" oid="60C958D4-E3F7-AF91-028C-CF408F2D5430" otype="Entity" vid="47BE1496-59A3-3F8E-6066-295923B1C05E">
<hideElementsInCurrentOnly>false</hideElementsInCurrentOnly>
<bounds x="589" y="63" width="170" height="110"/>
</OView>
<OView class="oracle.dbtools.crest.swingui.logical.TVEntity" oid="8201A0AB-5B06-F41D-3655-2533CEF90487" otype="Entity" vid="B088BECD-A916-9B04-11F2-011ED580193F">
<hideElementsInCurrentOnly>false</hideElementsInCurrentOnly>
<bounds x="1340" y="440" width="195" height="205"/>
</OView>
<OView class="oracle.dbtools.crest.swingui.logical.TVEntity" oid="8AA4D135-2FDF-4529-5118-690183A206DE" otype="Entity" vid="5F4FC5DB-C9F7-307F-0278-6CCCDDEA3D1D">
<hideElementsInCurrentOnly>false</hideElementsInCurrentOnly>
<bounds x="73" y="30" width="232" height="86"/>
</OView>
<OView class="oracle.dbtools.crest.swingui.logical.TVEntity" oid="94B6937D-DFE8-EB56-04DA-6CD6685D9858" otype="Entity" vid="7968533B-6F7B-3BD2-E483-5556C672B14E">
<hideElementsInCurrentOnly>false</hideElementsInCurrentOnly>
<bounds x="449" y="433" width="230" height="152"/>
</OView>
<OView class="oracle.dbtools.crest.swingui.logical.TVEntity" oid="C0ABA883-AD91-46F3-324D-5B053EBCC21F" otype="Entity" vid="F4734608-EA1C-0A14-6F68-E447EF3AC205">
<hideElementsInCurrentOnly>false</hideElementsInCurrentOnly>
<bounds x="435" y="189" width="187" height="174"/>
</OView>
<OView class="oracle.dbtools.crest.swingui.logical.TVEntity" oid="CA77D434-412A-F3B2-D024-70B9C8E7E326" otype="Entity" vid="65613100-1FA9-BE64-FC1D-E80E9484EE4E">
<hideElementsInCurrentOnly>false</hideElementsInCurrentOnly>
<bounds x="678" y="283" width="170" height="44"/>
</OView>
<OView class="oracle.dbtools.crest.swingui.logical.TVEntity" oid="EB7DFE65-57B4-CDA4-ACAD-D5DB92B97B90" otype="Entity" vid="41CDC708-853B-C7C3-3CF7-96616E84B25A">
<hideElementsInCurrentOnly>false</hideElementsInCurrentOnly>
<bounds x="85" y="638" width="170" height="110"/>
</OView>
</objectViews>
<connectors>
<Connector class="oracle.dbtools.crest.swingui.logical.TVRelation" oid="14495378-8D71-A31A-AA46-BA8517EDBB5F" otype="Relation" vid_source="F4734608-EA1C-0A14-6F68-E447EF3AC205" vid_target="65613100-1FA9-BE64-FC1D-E80E9484EE4E">
<hideElementsInCurrentOnly>false</hideElementsInCurrentOnly>
<backgroundColor>-16777216</backgroundColor>
<lineWidth>1</lineWidth>
<points>
<point x="622" y="305"/>
<point x="678" y="305"/>
</points>
</Connector>
<Connector class="oracle.dbtools.crest.swingui.logical.TVRelation" oid="2D592CB7-E7EF-FD04-D43B-174CB1755149" otype="Relation" vid_source="CE3FC87A-B03F-FF7C-74E9-9C9349C9F44F" vid_target="9793B3EA-43B6-0DC0-CDEE-5B6A6B4A1D47">
<hideElementsInCurrentOnly>false</hideElementsInCurrentOnly>
<backgroundColor>-16777216</backgroundColor>
<lineWidth>1</lineWidth>
<points>
<point x="1119" y="584"/>
<point x="915" y="431"/>
</points>
</Connector>
<Connector class="oracle.dbtools.crest.swingui.logical.TVRelation" oid="3845C690-130A-D7CC-BBFA-ACEA84BCD2E9" otype="Relation" vid_source="5F4FC5DB-C9F7-307F-0278-6CCCDDEA3D1D" vid_target="47BE1496-59A3-3F8E-6066-295923B1C05E">
<hideElementsInCurrentOnly>false</hideElementsInCurrentOnly>
<backgroundColor>-16777216</backgroundColor>
<lineWidth>1</lineWidth>
<sourceLabel class="oracle.dbtools.crest.model.design.Label">
<site>0</site>
<labelBounds x="315" y="59" width="55" height="30"/>
<noBackgroundColor>true</noBackgroundColor>
<noForegroundColor>true</noForegroundColor>
</sourceLabel>
<targetLabel class="oracle.dbtools.crest.model.design.Label">
<site>2</site>
<labelBounds x="540" y="92" width="43" height="30"/>
<noBackgroundColor>true</noBackgroundColor>
<noForegroundColor>true</noForegroundColor>
</targetLabel>
<points>
<point x="305" y="89"/>
<point x="589" y="89"/>
</points>
</Connector>
<Connector class="oracle.dbtools.crest.swingui.logical.TVRelation" oid="627E3612-BC64-6F78-0029-8B343BF694EF" otype="Relation" vid_source="F4734608-EA1C-0A14-6F68-E447EF3AC205" vid_target="7968533B-6F7B-3BD2-E483-5556C672B14E">
<hideElementsInCurrentOnly>false</hideElementsInCurrentOnly>
<backgroundColor>-16777216</backgroundColor>
<lineWidth>1</lineWidth>
<sourceLabel class="oracle.dbtools.crest.model.design.Label">
<site>0</site>
<labelBounds x="535" y="389" width="58" height="12"/>
<noBackgroundColor>true</noBackgroundColor>
<noForegroundColor>true</noForegroundColor>
</sourceLabel>
<targetLabel class="oracle.dbtools.crest.model.design.Label">
<site>2</site>
<labelBounds x="535" y="410" width="58" height="17"/>
<noBackgroundColor>true</noBackgroundColor>
<noForegroundColor>true</noForegroundColor>
</targetLabel>
<points>
<point x="535" y="363"/>
<point x="535" y="433"/>
</points>
</Connector>
<Connector class="oracle.dbtools.crest.swingui.logical.TVRelation" oid="73015F5F-14EF-4FD0-7188-2249A8189EDA" otype="Relation" vid_source="5F4FC5DB-C9F7-307F-0278-6CCCDDEA3D1D" vid_target="2D0B54FE-FFB4-AA3A-3003-E133BCBC84D1">
<hideElementsInCurrentOnly>false</hideElementsInCurrentOnly>
<backgroundColor>-16777216</backgroundColor>
<lineWidth>1</lineWidth>
<sourceLabel class="oracle.dbtools.crest.model.design.Label">
<site>0</site>
<labelBounds x="189" y="160" width="43" height="30"/>
<noBackgroundColor>true</noBackgroundColor>
<noForegroundColor>true</noForegroundColor>
</sourceLabel>
<targetLabel class="oracle.dbtools.crest.model.design.Label">
<site>2</site>
<labelBounds x="189" y="213" width="78" height="30"/>
<noBackgroundColor>true</noBackgroundColor>
<noForegroundColor>true</noForegroundColor>
</targetLabel>
<points>
<point x="189" y="116"/>
<point x="189" y="249"/>
</points>
</Connector>
<Connector class="oracle.dbtools.crest.swingui.logical.TVRelation" oid="81291B25-B3A3-8DCF-E525-680DB5CAB347" otype="Relation" vid_source="65613100-1FA9-BE64-FC1D-E80E9484EE4E" vid_target="9793B3EA-43B6-0DC0-CDEE-5B6A6B4A1D47">
<hideElementsInCurrentOnly>false</hideElementsInCurrentOnly>
<backgroundColor>-16777216</backgroundColor>
<lineWidth>1</lineWidth>
<points>
<point x="819" y="327"/>
<point x="819" y="369"/>
</points>
</Connector>
<Connector class="oracle.dbtools.crest.swingui.logical.TVRelation" oid="8CE62AB9-471F-C38E-3950-032AEC59B897" otype="Relation" vid_source="5F4FC5DB-C9F7-307F-0278-6CCCDDEA3D1D" vid_target="F4734608-EA1C-0A14-6F68-E447EF3AC205">
<hideElementsInCurrentOnly>false</hideElementsInCurrentOnly>
<backgroundColor>-16777216</backgroundColor>
<lineWidth>1</lineWidth>
<points>
<point x="260" y="116"/>
<point x="435" y="220"/>
</points>
</Connector>
<Connector class="oracle.dbtools.crest.swingui.logical.TVRelation" oid="9D7989B6-8EC3-E443-31F5-4CEE79C080F0" otype="Relation" vid_source="2D0B54FE-FFB4-AA3A-3003-E133BCBC84D1" vid_target="EB719334-22DA-529A-5A3B-DCB4D0DE30EF">
<hideElementsInCurrentOnly>false</hideElementsInCurrentOnly>
<backgroundColor>-16777216</backgroundColor>
<lineWidth>1</lineWidth>
<points>
<point x="310" y="508"/>
<point x="310" y="642"/>
<point x="455" y="642"/>
</points>
</Connector>
<Connector class="oracle.dbtools.crest.swingui.logical.TVRelation" oid="B367767D-9B2D-5A57-6E1F-A8C1139664EC" otype="Relation" vid_source="5F4FC5DB-C9F7-307F-0278-6CCCDDEA3D1D" vid_target="CE3FC87A-B03F-FF7C-74E9-9C9349C9F44F">
<hideElementsInCurrentOnly>false</hideElementsInCurrentOnly>
<backgroundColor>-16777216</backgroundColor>
<lineWidth>1</lineWidth>
<points>
<point x="305" y="45"/>
<point x="1247" y="45"/>
<point x="1247" y="582"/>
</points>
</Connector>
<Connector class="oracle.dbtools.crest.swingui.logical.TVRelation" oid="B4A1554F-5BC0-D16C-AD33-39801766187E" otype="Relation" vid_source="CE3FC87A-B03F-FF7C-74E9-9C9349C9F44F" vid_target="EB719334-22DA-529A-5A3B-DCB4D0DE30EF">
<hideElementsInCurrentOnly>false</hideElementsInCurrentOnly>
<backgroundColor>-16777216</backgroundColor>
<lineWidth>1</lineWidth>
<points>
<point x="1119" y="642"/>
<point x="624" y="642"/>
</points>
</Connector>
<Connector class="oracle.dbtools.crest.swingui.logical.TVRelation" oid="BA5D62B7-1646-9ADA-FABF-7EAA716A430E" otype="Relation" vid_source="7968533B-6F7B-3BD2-E483-5556C672B14E" vid_target="EB719334-22DA-529A-5A3B-DCB4D0DE30EF">
<hideElementsInCurrentOnly>false</hideElementsInCurrentOnly>
<backgroundColor>-16777216</backgroundColor>
<lineWidth>1</lineWidth>
<points>
<point x="539" y="585"/>
<point x="539" y="620"/>
</points>
</Connector>
<Connector class="oracle.dbtools.crest.swingui.logical.TVRelation" oid="CDCAA5DC-2F96-D7F7-CA3F-3DE6951CB8B4" otype="Relation" vid_source="CE3FC87A-B03F-FF7C-74E9-9C9349C9F44F" vid_target="CE3FC87A-B03F-FF7C-74E9-9C9349C9F44F">
<hideElementsInCurrentOnly>false</hideElementsInCurrentOnly>
<backgroundColor>-16777216</backgroundColor>
<lineWidth>1</lineWidth>
<points>
<point x="1305" y="668"/>
<point x="1330" y="668"/>
<point x="1330" y="754"/>
<point x="1228" y="754"/>
<point x="1228" y="729"/>
</points>
</Connector>
<Connector class="oracle.dbtools.crest.swingui.logical.TVRelation" oid="D85963B6-776D-FFB3-E70B-6ED76ED12B5A" otype="Relation" vid_source="2D0B54FE-FFB4-AA3A-3003-E133BCBC84D1" vid_target="41CDC708-853B-C7C3-3CF7-96616E84B25A">
<hideElementsInCurrentOnly>false</hideElementsInCurrentOnly>
<backgroundColor>-16777216</backgroundColor>
<lineWidth>1</lineWidth>
<points>
<point x="170" y="508"/>
<point x="170" y="638"/>
</points>
</Connector>
<Connector class="oracle.dbtools.crest.swingui.logical.TVInheritanceRelation" oid="DAD9F9C9-8A65-31F9-5CB7-C8A0588B9D5D" otype="Hierarchy relation" vid_source="2D0B54FE-FFB4-AA3A-3003-E133BCBC84D1" vid_target="BC8400D7-C1A2-058A-B463-1275D26EA334">
<hideElementsInCurrentOnly>false</hideElementsInCurrentOnly>
<backgroundColor>-65536</backgroundColor>
<lineWidth>1</lineWidth>
</Connector>
<Connector class="oracle.dbtools.crest.swingui.logical.TVRelation" oid="DAF0BA37-C719-A963-BCED-1278787AFAC7" otype="Relation" vid_source="D8ECA064-1257-2B70-88FC-A8440CC10FF9" vid_target="F4734608-EA1C-0A14-6F68-E447EF3AC205">
<hideElementsInCurrentOnly>false</hideElementsInCurrentOnly>
<backgroundColor>-16777216</backgroundColor>
<lineWidth>1</lineWidth>
<points>
<point x="938" y="266"/>
<point x="622" y="266"/>
</points>
</Connector>
<Connector class="oracle.dbtools.crest.swingui.logical.TVRelation" oid="F8F20564-A66F-43BF-5787-80274639D490" otype="Relation" vid_source="2D0B54FE-FFB4-AA3A-3003-E133BCBC84D1" vid_target="9793B3EA-43B6-0DC0-CDEE-5B6A6B4A1D47">
<hideElementsInCurrentOnly>false</hideElementsInCurrentOnly>
<backgroundColor>-16777216</backgroundColor>
<lineWidth>1</lineWidth>
<points>
<point x="331" y="400"/>
<point x="790" y="400"/>
</points>
</Connector>
<Connector class="oracle.dbtools.crest.swingui.logical.TVRelation" oid="F95D837C-78CA-46AD-5AA6-12A206214370" otype="Relation" vid_source="CE3FC87A-B03F-FF7C-74E9-9C9349C9F44F" vid_target="41CDC708-853B-C7C3-3CF7-96616E84B25A">
<hideElementsInCurrentOnly>false</hideElementsInCurrentOnly>
<backgroundColor>-16777216</backgroundColor>
<lineWidth>1</lineWidth>
<points>
<point x="1119" y="683"/>
<point x="255" y="683"/>
</points>
</Connector>
</connectors>
</Diagram>