<?xml version = '1.0' encoding = 'UTF-8'?>
<Entity class="oracle.dbtools.crest.model.design.logical.Entity" directorySegmentName="seg_0" id="001CF29F-EA05-88EA-FF85-35C6E4E240E5" name="Asignaturas_Matrícula">
<createdBy>cabre</createdBy>
<createdTime>2021-03-24 15:48:11 UTC</createdTime>
<ownerDesignName>modelo</ownerDesignName>
<engineerTo>
<item key="028B46F4-E5A8-415F-3577-29714EB2A016" value="true"/>
</engineerTo>
<adequatelyNormalized>NO</adequatelyNormalized>
<expectedVolumes>0</expectedVolumes>
<fwdEngineeringStrategyName>Single Table</fwdEngineeringStrategyName>
<growthPercent>0</growthPercent>
<growthType>Year</growthType>
<maxVolumes>9999999</maxVolumes>
<minVolumes>0</minVolumes>
<normalForm>Third</normalForm>
<attributes itemClass="oracle.dbtools.crest.model.design.logical.Attribute">
<Attribute name="Curso_academico" id="8E959D7B-B965-1E73-5A07-8DA13DF16524">
<createdBy>cabre</createdBy>
<createdTime>2021-03-24 15:48:44 UTC</createdTime>
<generatorID>BA5D62B7-1646-9ADA-FABF-7EAA716A430E</generatorID>
<ownerDesignName>modelo</ownerDesignName>
<engineerTo>
<item key="028B46F4-E5A8-415F-3577-29714EB2A016" value="true"/>
</engineerTo>
<referedAttribute>78242EB2-5017-5159-825D-4BDD4B642783</referedAttribute>
<useDomainConstraints>false</useDomainConstraints>
<use>1</use>
<logicalDatatype>LOGDT019</logicalDatatype>
<ownDataTypeParameters>,,</ownDataTypeParameters>
</Attribute>
<Attribute name="Referencia" id="500C8EF2-2E86-F0B2-1CE4-6653F77C6F51">
<createdBy>cabre</createdBy>
<createdTime>2021-03-24 15:48:53 UTC</createdTime>
<generatorID>9D7989B6-8EC3-E443-31F5-4CEE79C080F0</generatorID>
<ownerDesignName>modelo</ownerDesignName>
<engineerTo>
<item key="028B46F4-E5A8-415F-3577-29714EB2A016" value="true"/>
</engineerTo>
<referedAttribute>3CD8D98C-13B8-0037-F1A0-8BF883195864</referedAttribute>
<useDomainConstraints>false</useDomainConstraints>
<use>1</use>
<logicalDatatype>LOGDT019</logicalDatatype>
<ownDataTypeParameters>,,</ownDataTypeParameters>
</Attribute>
<Attribute name="ID" id="026552F7-57CA-2128-4715-83B6A08E946E">
<createdBy>cabre</createdBy>
<createdTime>2021-03-24 15:50:19 UTC</createdTime>
<generatorID>B4A1554F-5BC0-D16C-AD33-39801766187E</generatorID>
<ownerDesignName>modelo</ownerDesignName>
<engineerTo>
<item key="028B46F4-E5A8-415F-3577-29714EB2A016" value="true"/>
</engineerTo>
<nullsAllowed>true</nullsAllowed>
<referedAttribute>820FC7C3-8469-412C-0B85-6D75CA90851C</referedAttribute>
<useDomainConstraints>false</useDomainConstraints>
<use>1</use>
<logicalDatatype>LOGDT024</logicalDatatype>
<dataTypeSize>20</dataTypeSize>
<ownDataTypeParameters>,,</ownDataTypeParameters>
</Attribute>
<Attribute name="Num_Expediente" id="68477F8E-31C6-83FC-55B2-8F116AAD0B6B">
<createdBy>cabre</createdBy>
<createdTime>2021-03-24 15:52:59 UTC</createdTime>
<generatorID>BA5D62B7-1646-9ADA-FABF-7EAA716A430E</generatorID>
<ownerDesignName>modelo</ownerDesignName>
<engineerTo>
<item key="028B46F4-E5A8-415F-3577-29714EB2A016" value="true"/>
</engineerTo>
<referedAttribute>47AD6C1E-F68B-7B03-3288-84452ED60918</referedAttribute>
<useDomainConstraints>false</useDomainConstraints>
<use>1</use>
<logicalDatatype>LOGDT019</logicalDatatype>
<ownDataTypeParameters>,,</ownDataTypeParameters>
</Attribute>
<Attribute name="Grupos_asignados" id="33563ECC-14C6-2386-89C5-35F8594248D1">
<createdBy>cabre</createdBy>
<createdTime>2021-03-26 15:45:32 UTC</createdTime>
<ownerDesignName>modelo</ownerDesignName>
<engineerTo>
<item key="028B46F4-E5A8-415F-3577-29714EB2A016" value="true"/>
</engineerTo>
<nullsAllowed>true</nullsAllowed>
<useDomainConstraints>false</useDomainConstraints>
<use>1</use>
<logicalDatatype>LOGDT024</logicalDatatype>
<dataTypeSize>150</dataTypeSize>
<ownDataTypeParameters>150,,</ownDataTypeParameters>
</Attribute>
</attributes>
<identifiers itemClass="oracle.dbtools.crest.model.design.logical.CandidateKey">
<identifier id="CE44ECB9-ABE1-9514-4E91-F02119AC0DE7" name="Asignaturas_Matrícula PK">
<createdBy>cabre</createdBy>
<createdTime>2021-03-24 15:48:49 UTC</createdTime>
<ownerDesignName>modelo</ownerDesignName>
<engineerTo>
<item key="028B46F4-E5A8-415F-3577-29714EB2A016" value="true"/>
</engineerTo>
<pk>true</pk>
<usedAttributes>
<attributeRef>8E959D7B-B965-1E73-5A07-8DA13DF16524</attributeRef>
<attributeRef>68477F8E-31C6-83FC-55B2-8F116AAD0B6B</attributeRef>
<attributeRef>500C8EF2-2E86-F0B2-1CE4-6653F77C6F51</attributeRef>
</usedAttributes>
</identifier>
</identifiers>
</Entity>