<?xml version = '1.0' encoding = 'UTF-8'?>
<Entity class="oracle.dbtools.crest.model.design.logical.Entity" directorySegmentName="seg_0" id="050E727D-2842-84E5-7758-C13AB2948C2B" name="Grupo">
<createdBy>cabre</createdBy>
<createdTime>2021-03-18 13:15:59 UTC</createdTime>
<ownerDesignName>modelo</ownerDesignName>
<engineerTo>
<item key="028B46F4-E5A8-415F-3577-29714EB2A016" value="true"/>
</engineerTo>
<adequatelyNormalized>NO</adequatelyNormalized>
<expectedVolumes>0</expectedVolumes>
<fwdEngineeringStrategyName>Single Table</fwdEngineeringStrategyName>
<growthPercent>0</growthPercent>
<growthType>Year</growthType>
<maxVolumes>9999999</maxVolumes>
<minVolumes>0</minVolumes>
<normalForm>Third</normalForm>
<attributes itemClass="oracle.dbtools.crest.model.design.logical.Attribute">
<Attribute name="ID" id="820FC7C3-8469-412C-0B85-6D75CA90851C">
<createdBy>cabre</createdBy>
<createdTime>2021-03-18 13:16:05 UTC</createdTime>
<ownerDesignName>modelo</ownerDesignName>
<engineerTo>
<item key="028B46F4-E5A8-415F-3577-29714EB2A016" value="true"/>
</engineerTo>
<useDomainConstraints>false</useDomainConstraints>
<use>1</use>
<logicalDatatype>LOGDT024</logicalDatatype>
<dataTypeSize>20</dataTypeSize>
<ownDataTypeParameters>20,,</ownDataTypeParameters>
</Attribute>
<Attribute name="Curso" id="F50531DB-0D86-00CA-C666-771EC343C6F7">
<createdBy>cabre</createdBy>
<createdTime>2021-03-18 13:16:16 UTC</createdTime>
<ownerDesignName>modelo</ownerDesignName>
<engineerTo>
<item key="028B46F4-E5A8-415F-3577-29714EB2A016" value="true"/>
</engineerTo>
<useDomainConstraints>false</useDomainConstraints>
<use>1</use>
<logicalDatatype>LOGDT019</logicalDatatype>
<ownDataTypeParameters>,,</ownDataTypeParameters>
</Attribute>
<Attribute name="Letra" id="69615345-77C1-972D-AB1D-968ECE3E11F1">
<createdBy>cabre</createdBy>
<createdTime>2021-03-18 13:16:24 UTC</createdTime>
<ownerDesignName>modelo</ownerDesignName>
<engineerTo>
<item key="028B46F4-E5A8-415F-3577-29714EB2A016" value="true"/>
</engineerTo>
<useDomainConstraints>false</useDomainConstraints>
<use>1</use>
<logicalDatatype>LOGDT025</logicalDatatype>
<dataTypeSize>1</dataTypeSize>
<ownDataTypeParameters>1,,</ownDataTypeParameters>
</Attribute>
<Attribute name="Turno_Mañana_Tarde" id="417CFBA0-A3BB-96D0-5B3D-B0C810C9A157">
<createdBy>cabre</createdBy>
<createdTime>2021-03-18 13:16:28 UTC</createdTime>
<ownerDesignName>modelo</ownerDesignName>
<engineerTo>
<item key="028B46F4-E5A8-415F-3577-29714EB2A016" value="true"/>
</engineerTo>
<useDomainConstraints>false</useDomainConstraints>
<use>1</use>
<logicalDatatype>LOGDT024</logicalDatatype>
<dataTypeSize>10</dataTypeSize>
<ownDataTypeParameters>10,,</ownDataTypeParameters>
</Attribute>
<Attribute name="Ingles" id="BF0A3113-70A4-9AC3-7198-BF92ACE42F94">
<createdBy>cabre</createdBy>
<createdTime>2021-03-18 13:16:40 UTC</createdTime>
<ownerDesignName>modelo</ownerDesignName>
<engineerTo>
<item key="028B46F4-E5A8-415F-3577-29714EB2A016" value="true"/>
</engineerTo>
<useDomainConstraints>false</useDomainConstraints>
<use>1</use>
<logicalDatatype>LOGDT006</logicalDatatype>
<dataTypeSize>1</dataTypeSize>
<ownDataTypeParameters>1,,</ownDataTypeParameters>
</Attribute>
<Attribute name="Visible" id="A0D16DB1-8A5E-5840-42DE-392AFBE74438">
<createdBy>cabre</createdBy>
<createdTime>2021-03-18 13:16:47 UTC</createdTime>
<ownerDesignName>modelo</ownerDesignName>
<engineerTo>
<item key="028B46F4-E5A8-415F-3577-29714EB2A016" value="true"/>
</engineerTo>
<nullsAllowed>true</nullsAllowed>
<useDomainConstraints>false</useDomainConstraints>
<use>1</use>
<logicalDatatype>LOGDT006</logicalDatatype>
<dataTypeSize>1</dataTypeSize>
<ownDataTypeParameters>1,,</ownDataTypeParameters>
</Attribute>
<Attribute name="Asignar" id="195FDA9D-8D03-4406-2CA5-A26BA6169BA8">
<createdBy>cabre</createdBy>
<createdTime>2021-03-18 13:16:53 UTC</createdTime>
<ownerDesignName>modelo</ownerDesignName>
<engineerTo>
<item key="028B46F4-E5A8-415F-3577-29714EB2A016" value="true"/>
</engineerTo>
<nullsAllowed>true</nullsAllowed>
<useDomainConstraints>false</useDomainConstraints>
<use>1</use>
<logicalDatatype>LOGDT024</logicalDatatype>
<dataTypeSize>10</dataTypeSize>
<ownDataTypeParameters>10,,</ownDataTypeParameters>
</Attribute>
<Attribute name="Plazas" id="4DB2BBA6-3D54-3AC3-98B7-DA2B08BD9F73">
<createdBy>cabre</createdBy>
<createdTime>2021-03-18 13:16:58 UTC</createdTime>
<ownerDesignName>modelo</ownerDesignName>
<engineerTo>
<item key="028B46F4-E5A8-415F-3577-29714EB2A016" value="true"/>
</engineerTo>
<nullsAllowed>true</nullsAllowed>
<useDomainConstraints>false</useDomainConstraints>
<use>1</use>
<logicalDatatype>LOGDT019</logicalDatatype>
<ownDataTypeParameters>,,</ownDataTypeParameters>
</Attribute>
<Attribute name="ID1" id="44FE431F-84E3-0EA4-0807-E6AA8278DB88">
<createdBy>cabre</createdBy>
<createdTime>2021-03-24 15:51:43 UTC</createdTime>
<generatorID>CDCAA5DC-2F96-D7F7-CA3F-3DE6951CB8B4</generatorID>
<ownerDesignName>modelo</ownerDesignName>
<engineerTo>
<item key="028B46F4-E5A8-415F-3577-29714EB2A016" value="true"/>
</engineerTo>
<nullsAllowed>true</nullsAllowed>
<referedAttribute>820FC7C3-8469-412C-0B85-6D75CA90851C</referedAttribute>
<useDomainConstraints>false</useDomainConstraints>
<use>1</use>
<logicalDatatype>LOGDT024</logicalDatatype>
<dataTypeSize>20</dataTypeSize>
<ownDataTypeParameters>,,</ownDataTypeParameters>
</Attribute>
<Attribute name="Código" id="24A0F318-63EC-F214-5DF8-4BC9CE43103E">
<createdBy>cabre</createdBy>
<createdTime>2021-03-24 15:52:17 UTC</createdTime>
<generatorID>B367767D-9B2D-5A57-6E1F-A8C1139664EC</generatorID>
<ownerDesignName>modelo</ownerDesignName>
<engineerTo>
<item key="028B46F4-E5A8-415F-3577-29714EB2A016" value="true"/>
</engineerTo>
<referedAttribute>D5150790-FC53-700D-017B-0868BBAE5EDC</referedAttribute>
<useDomainConstraints>false</useDomainConstraints>
<use>1</use>
<logicalDatatype>LOGDT019</logicalDatatype>
<ownDataTypeParameters>,,</ownDataTypeParameters>
</Attribute>
</attributes>
<identifiers itemClass="oracle.dbtools.crest.model.design.logical.CandidateKey">
<identifier id="75BB2C0E-FCAE-0D15-B8D9-FC0DE6AF15F0" name="Grupo PK">
<createdBy>cabre</createdBy>
<createdTime>2021-03-18 13:16:14 UTC</createdTime>
<ownerDesignName>modelo</ownerDesignName>
<engineerTo>
<item key="028B46F4-E5A8-415F-3577-29714EB2A016" value="true"/>
</engineerTo>
<pk>true</pk>
<usedAttributes>
<attributeRef>820FC7C3-8469-412C-0B85-6D75CA90851C</attributeRef>
</usedAttributes>
</identifier>
<identifier id="644B0FD1-E283-95C3-9E34-08BECF97CFCE" name="UK">
<createdBy>cabre</createdBy>
<createdTime>2021-03-18 13:17:04 UTC</createdTime>
<ownerDesignName>modelo</ownerDesignName>
<engineerTo>
<item key="028B46F4-E5A8-415F-3577-29714EB2A016" value="true"/>
</engineerTo>
<newElementsIDs>69615345-77C1-972D-AB1D-968ECE3E11F1,F50531DB-0D86-00CA-C666-771EC343C6F7</newElementsIDs>
<usedAttributes>
<attributeRef>69615345-77C1-972D-AB1D-968ECE3E11F1</attributeRef>
<attributeRef>F50531DB-0D86-00CA-C666-771EC343C6F7</attributeRef>
</usedAttributes>
</identifier>
</identifiers>
</Entity>