<?xml version = '1.0' encoding = 'UTF-8'?>
<Entity class="oracle.dbtools.crest.model.design.logical.Entity" directorySegmentName="seg_0" id="0C38F240-6E28-6FF6-D418-7D6C3B9840A2" name="Grupos_por_asignatura">
<createdBy>cabre</createdBy>
<createdTime>2021-03-18 13:15:13 UTC</createdTime>
<ownerDesignName>modelo</ownerDesignName>
<engineerTo>
<item key="028B46F4-E5A8-415F-3577-29714EB2A016" value="true"/>
</engineerTo>
<adequatelyNormalized>NO</adequatelyNormalized>
<expectedVolumes>0</expectedVolumes>
<fwdEngineeringStrategyName>Single Table</fwdEngineeringStrategyName>
<growthPercent>0</growthPercent>
<growthType>Year</growthType>
<maxVolumes>9999999</maxVolumes>
<minVolumes>0</minVolumes>
<normalForm>Third</normalForm>
<attributes itemClass="oracle.dbtools.crest.model.design.logical.Attribute">
<Attribute name="Curso_Academico" id="B20946EC-B7BC-7F31-2A50-3CFE825B8755">
<createdBy>cabre</createdBy>
<createdTime>2021-03-18 13:15:35 UTC</createdTime>
<ownerDesignName>modelo</ownerDesignName>
<engineerTo>
<item key="028B46F4-E5A8-415F-3577-29714EB2A016" value="true"/>
</engineerTo>
<useDomainConstraints>false</useDomainConstraints>
<use>1</use>
<logicalDatatype>LOGDT019</logicalDatatype>
<ownDataTypeParameters>,,</ownDataTypeParameters>
</Attribute>
<Attribute name="Oferta" id="99C9D437-1373-0947-12A0-23C18E048302">
<createdBy>cabre</createdBy>
<createdTime>2021-03-18 13:15:45 UTC</createdTime>
<ownerDesignName>modelo</ownerDesignName>
<engineerTo>
<item key="028B46F4-E5A8-415F-3577-29714EB2A016" value="true"/>
</engineerTo>
<nullsAllowed>true</nullsAllowed>
<useDomainConstraints>false</useDomainConstraints>
<use>1</use>
<logicalDatatype>LOGDT024</logicalDatatype>
<dataTypeSize>10</dataTypeSize>
<ownDataTypeParameters>10,,</ownDataTypeParameters>
</Attribute>
<Attribute name="ID" id="68DDB1A7-DE47-D828-8F01-A28A89796816">
<createdBy>cabre</createdBy>
<createdTime>2021-03-24 15:50:39 UTC</createdTime>
<generatorID>2D592CB7-E7EF-FD04-D43B-174CB1755149</generatorID>
<ownerDesignName>modelo</ownerDesignName>
<engineerTo>
<item key="028B46F4-E5A8-415F-3577-29714EB2A016" value="true"/>
</engineerTo>
<referedAttribute>820FC7C3-8469-412C-0B85-6D75CA90851C</referedAttribute>
<useDomainConstraints>false</useDomainConstraints>
<use>1</use>
<logicalDatatype>LOGDT024</logicalDatatype>
<dataTypeSize>20</dataTypeSize>
<ownDataTypeParameters>,,</ownDataTypeParameters>
</Attribute>
<Attribute name="Referencia" id="A89C5E2B-9344-2E45-23B5-43AEE5C3B9D9">
<createdBy>cabre</createdBy>
<createdTime>2021-03-24 15:52:05 UTC</createdTime>
<generatorID>F8F20564-A66F-43BF-5787-80274639D490</generatorID>
<ownerDesignName>modelo</ownerDesignName>
<engineerTo>
<item key="028B46F4-E5A8-415F-3577-29714EB2A016" value="true"/>
</engineerTo>
<referedAttribute>3CD8D98C-13B8-0037-F1A0-8BF883195864</referedAttribute>
<useDomainConstraints>false</useDomainConstraints>
<use>1</use>
<logicalDatatype>LOGDT019</logicalDatatype>
<ownDataTypeParameters>,,</ownDataTypeParameters>
</Attribute>
</attributes>
<identifiers itemClass="oracle.dbtools.crest.model.design.logical.CandidateKey">
<identifier id="26B0E3B3-50FD-C4A6-BFCF-4835E3B71FC2" name="Grupos_por_asignatura PK">
<createdBy>cabre</createdBy>
<createdTime>2021-03-18 13:15:50 UTC</createdTime>
<ownerDesignName>modelo</ownerDesignName>
<engineerTo>
<item key="028B46F4-E5A8-415F-3577-29714EB2A016" value="true"/>
</engineerTo>
<pk>true</pk>
<usedAttributes>
<attributeRef>B20946EC-B7BC-7F31-2A50-3CFE825B8755</attributeRef>
<attributeRef>68DDB1A7-DE47-D828-8F01-A28A89796816</attributeRef>
<attributeRef>A89C5E2B-9344-2E45-23B5-43AEE5C3B9D9</attributeRef>
</usedAttributes>
</identifier>
</identifiers>
</Entity>