<?xml version = '1.0' encoding = 'UTF-8'?>
<Entity class="oracle.dbtools.crest.model.design.logical.Entity" directorySegmentName="seg_0" id="60C958D4-E3F7-AF91-028C-CF408F2D5430" name="Centro">
<createdBy>cabre</createdBy>
<createdTime>2021-03-18 12:51:52 UTC</createdTime>
<ownerDesignName>modelo</ownerDesignName>
<engineerTo>
<item key="028B46F4-E5A8-415F-3577-29714EB2A016" value="true"/>
</engineerTo>
<adequatelyNormalized>NO</adequatelyNormalized>
<expectedVolumes>0</expectedVolumes>
<fwdEngineeringStrategyName>Single Table</fwdEngineeringStrategyName>
<growthPercent>0</growthPercent>
<growthType>Year</growthType>
<maxVolumes>9999999</maxVolumes>
<minVolumes>0</minVolumes>
<normalForm>Third</normalForm>
<attributes itemClass="oracle.dbtools.crest.model.design.logical.Attribute">
<Attribute name="Id" id="F7C3319F-D65E-6A91-45A2-CB12EF2EAD31">
<createdBy>cabre</createdBy>
<createdTime>2021-03-18 12:52:03 UTC</createdTime>
<ownerDesignName>modelo</ownerDesignName>
<engineerTo>
<item key="028B46F4-E5A8-415F-3577-29714EB2A016" value="true"/>
</engineerTo>
<useDomainConstraints>false</useDomainConstraints>
<use>1</use>
<logicalDatatype>LOGDT019</logicalDatatype>
<ownDataTypeParameters>,,</ownDataTypeParameters>
</Attribute>
<Attribute name="Nombre" id="6C015A01-0933-4EEC-5158-3D5D713B9EEE">
<createdBy>cabre</createdBy>
<createdTime>2021-03-18 12:52:10 UTC</createdTime>
<ownerDesignName>modelo</ownerDesignName>
<engineerTo>
<item key="028B46F4-E5A8-415F-3577-29714EB2A016" value="true"/>
</engineerTo>
<useDomainConstraints>false</useDomainConstraints>
<use>1</use>
<logicalDatatype>LOGDT024</logicalDatatype>
<dataTypeSize>50</dataTypeSize>
<ownDataTypeParameters>50,,</ownDataTypeParameters>
</Attribute>
<Attribute name="Dirección" id="6A69B343-2BAD-E28A-44CA-ABE5D8C66FCF">
<createdBy>cabre</createdBy>
<createdTime>2021-03-18 12:53:00 UTC</createdTime>
<ownerDesignName>modelo</ownerDesignName>
<engineerTo>
<item key="028B46F4-E5A8-415F-3577-29714EB2A016" value="true"/>
</engineerTo>
<useDomainConstraints>false</useDomainConstraints>
<use>1</use>
<logicalDatatype>LOGDT024</logicalDatatype>
<dataTypeSize>50</dataTypeSize>
<ownDataTypeParameters>50,,</ownDataTypeParameters>
</Attribute>
<Attribute name="TLF_Conserjería" id="00C41003-897E-F7FB-C02A-9A93D9A8FABC">
<createdBy>cabre</createdBy>
<createdTime>2021-03-18 12:53:08 UTC</createdTime>
<ownerDesignName>modelo</ownerDesignName>
<engineerTo>
<item key="028B46F4-E5A8-415F-3577-29714EB2A016" value="true"/>
</engineerTo>
<nullsAllowed>true</nullsAllowed>
<useDomainConstraints>false</useDomainConstraints>
<use>1</use>
<logicalDatatype>LOGDT024</logicalDatatype>
<dataTypeSize>10</dataTypeSize>
<ownDataTypeParameters>10,,</ownDataTypeParameters>
</Attribute>
</attributes>
<identifiers itemClass="oracle.dbtools.crest.model.design.logical.CandidateKey">
<identifier id="1491784E-CDA4-153B-DC64-EDFAE4981A23" name="Centro PK">
<createdBy>cabre</createdBy>
<createdTime>2021-03-18 12:52:08 UTC</createdTime>
<ownerDesignName>modelo</ownerDesignName>
<engineerTo>
<item key="028B46F4-E5A8-415F-3577-29714EB2A016" value="true"/>
</engineerTo>
<pk>true</pk>
<usedAttributes>
<attributeRef>F7C3319F-D65E-6A91-45A2-CB12EF2EAD31</attributeRef>
</usedAttributes>
</identifier>
<identifier id="21EE52E4-29C7-7957-14E0-075A085626EC" name="UK_Nombre">
<createdBy>cabre</createdBy>
<createdTime>2021-03-18 12:52:34 UTC</createdTime>
<ownerDesignName>modelo</ownerDesignName>
<engineerTo>
<item key="028B46F4-E5A8-415F-3577-29714EB2A016" value="true"/>
</engineerTo>
<newElementsIDs>6C015A01-0933-4EEC-5158-3D5D713B9EEE</newElementsIDs>
<usedAttributes>
<attributeRef>6C015A01-0933-4EEC-5158-3D5D713B9EEE</attributeRef>
</usedAttributes>
</identifier>
</identifiers>
</Entity>