<?xml version = '1.0' encoding = 'UTF-8'?>
<Entity class="oracle.dbtools.crest.model.design.logical.Entity" directorySegmentName="seg_0" id="CA77D434-412A-F3B2-D024-70B9C8E7E326" name="Encuesta">
<createdBy>cabre</createdBy>
<createdTime>2021-03-18 13:14:44 UTC</createdTime>
<ownerDesignName>modelo</ownerDesignName>
<engineerTo>
<item key="028B46F4-E5A8-415F-3577-29714EB2A016" value="true"/>
</engineerTo>
<adequatelyNormalized>NO</adequatelyNormalized>
<expectedVolumes>0</expectedVolumes>
<fwdEngineeringStrategyName>Single Table</fwdEngineeringStrategyName>
<growthPercent>0</growthPercent>
<growthType>Year</growthType>
<maxVolumes>9999999</maxVolumes>
<minVolumes>0</minVolumes>
<normalForm>Third</normalForm>
<attributes itemClass="oracle.dbtools.crest.model.design.logical.Attribute">
<Attribute name="Fecha de envío" id="94456554-9690-1ABB-AA6E-C9153533781D">
<createdBy>cabre</createdBy>
<createdTime>2021-03-18 13:14:51 UTC</createdTime>
<ownerDesignName>modelo</ownerDesignName>
<engineerTo>
<item key="028B46F4-E5A8-415F-3577-29714EB2A016" value="true"/>
</engineerTo>
<useDomainConstraints>false</useDomainConstraints>
<use>1</use>
<logicalDatatype>91229484-D19C-D458-8647-333C7FFE7B60</logicalDatatype>
<ownDataTypeParameters>,,</ownDataTypeParameters>
</Attribute>
<Attribute name="Num_Expediente" id="C5DE8CC7-5BEC-B6FA-6263-C4EDF19F31EA">
<createdBy>cabre</createdBy>
<createdTime>2021-03-24 15:51:14 UTC</createdTime>
<generatorID>14495378-8D71-A31A-AA46-BA8517EDBB5F</generatorID>
<ownerDesignName>modelo</ownerDesignName>
<engineerTo>
<item key="028B46F4-E5A8-415F-3577-29714EB2A016" value="true"/>
</engineerTo>
<referedAttribute>E868F70E-2ECD-3112-CD8F-29AA3C2DCBFB</referedAttribute>
<use>1</use>
<logicalDatatype>LOGDT019</logicalDatatype>
<ownDataTypeParameters>,,</ownDataTypeParameters>
</Attribute>
</attributes>
<identifiers itemClass="oracle.dbtools.crest.model.design.logical.CandidateKey">
<identifier id="EF43C822-C1B1-19D4-873A-F51DD86045D3" name="Encuesta PK">
<createdBy>cabre</createdBy>
<createdTime>2021-03-18 13:14:59 UTC</createdTime>
<ownerDesignName>modelo</ownerDesignName>
<engineerTo>
<item key="028B46F4-E5A8-415F-3577-29714EB2A016" value="true"/>
</engineerTo>
<pk>true</pk>
<usedAttributes>
<attributeRef>94456554-9690-1ABB-AA6E-C9153533781D</attributeRef>
</usedAttributes>
</identifier>
</identifiers>
</Entity>