<?xml version = '1.0' encoding = 'UTF-8'?>
<Entity class="oracle.dbtools.crest.model.design.logical.Entity" directorySegmentName="seg_0" id="EB7DFE65-57B4-CDA4-ACAD-D5DB92B97B90" name="Clase">
<createdBy>cabre</createdBy>
<createdTime>2021-03-18 13:17:44 UTC</createdTime>
<ownerDesignName>modelo</ownerDesignName>
<engineerTo>
<item key="028B46F4-E5A8-415F-3577-29714EB2A016" value="true"/>
</engineerTo>
<adequatelyNormalized>NO</adequatelyNormalized>
<expectedVolumes>0</expectedVolumes>
<fwdEngineeringStrategyName>Single Table</fwdEngineeringStrategyName>
<growthPercent>0</growthPercent>
<growthType>Year</growthType>
<maxVolumes>9999999</maxVolumes>
<minVolumes>0</minVolumes>
<normalForm>Third</normalForm>
<attributes itemClass="oracle.dbtools.crest.model.design.logical.Attribute">
<Attribute name="Día" id="F4FD7404-C63B-AACA-6CEF-04051EF4F7A8">
<createdBy>cabre</createdBy>
<createdTime>2021-03-18 13:17:50 UTC</createdTime>
<ownerDesignName>modelo</ownerDesignName>
<engineerTo>
<item key="028B46F4-E5A8-415F-3577-29714EB2A016" value="true"/>
</engineerTo>
<useDomainConstraints>false</useDomainConstraints>
<use>1</use>
<logicalDatatype>LOGDT024</logicalDatatype>
<dataTypeSize>10</dataTypeSize>
<ownDataTypeParameters>10,,</ownDataTypeParameters>
</Attribute>
<Attribute name="Hora inicio" id="276B9CA2-E69B-5A63-CD83-43E03F88B531">
<createdBy>cabre</createdBy>
<createdTime>2021-03-18 13:18:01 UTC</createdTime>
<ownerDesignName>modelo</ownerDesignName>
<engineerTo>
<item key="028B46F4-E5A8-415F-3577-29714EB2A016" value="true"/>
</engineerTo>
<useDomainConstraints>false</useDomainConstraints>
<use>1</use>
<logicalDatatype>LOGDT014</logicalDatatype>
<ownDataTypeParameters>,,</ownDataTypeParameters>
</Attribute>
<Attribute name="Hora fin" id="7388A133-58C5-A8C4-9B22-C40C24A6A8C1">
<createdBy>cabre</createdBy>
<createdTime>2021-03-18 13:18:07 UTC</createdTime>
<ownerDesignName>modelo</ownerDesignName>
<engineerTo>
<item key="028B46F4-E5A8-415F-3577-29714EB2A016" value="true"/>
</engineerTo>
<nullsAllowed>true</nullsAllowed>
<useDomainConstraints>false</useDomainConstraints>
<use>1</use>
<logicalDatatype>LOGDT014</logicalDatatype>
<ownDataTypeParameters>,,</ownDataTypeParameters>
</Attribute>
<Attribute name="ID" id="FCA7E8BE-AA1F-1074-F598-F9833D49E34E">
<createdBy>cabre</createdBy>
<createdTime>2021-03-24 15:51:36 UTC</createdTime>
<generatorID>F95D837C-78CA-46AD-5AA6-12A206214370</generatorID>
<ownerDesignName>modelo</ownerDesignName>
<engineerTo>
<item key="028B46F4-E5A8-415F-3577-29714EB2A016" value="true"/>
</engineerTo>
<referedAttribute>820FC7C3-8469-412C-0B85-6D75CA90851C</referedAttribute>
<useDomainConstraints>false</useDomainConstraints>
<use>1</use>
<logicalDatatype>LOGDT024</logicalDatatype>
<dataTypeSize>20</dataTypeSize>
<ownDataTypeParameters>,,</ownDataTypeParameters>
</Attribute>
<Attribute name="Referencia" id="9106C72A-050D-34BA-5DF8-2D95C7DBB18C">
<createdBy>cabre</createdBy>
<createdTime>2021-03-24 15:51:53 UTC</createdTime>
<generatorID>D85963B6-776D-FFB3-E70B-6ED76ED12B5A</generatorID>
<ownerDesignName>modelo</ownerDesignName>
<engineerTo>
<item key="028B46F4-E5A8-415F-3577-29714EB2A016" value="true"/>
</engineerTo>
<referedAttribute>3CD8D98C-13B8-0037-F1A0-8BF883195864</referedAttribute>
<useDomainConstraints>false</useDomainConstraints>
<use>1</use>
<logicalDatatype>LOGDT019</logicalDatatype>
<ownDataTypeParameters>,,</ownDataTypeParameters>
</Attribute>
</attributes>
<identifiers itemClass="oracle.dbtools.crest.model.design.logical.CandidateKey">
<identifier id="CB81E917-36C1-4062-1B33-EB988B303754" name="Clase PK">
<createdBy>cabre</createdBy>
<createdTime>2021-03-18 13:18:12 UTC</createdTime>
<ownerDesignName>modelo</ownerDesignName>
<engineerTo>
<item key="028B46F4-E5A8-415F-3577-29714EB2A016" value="true"/>
</engineerTo>
<pk>true</pk>
<usedAttributes>
<attributeRef>F4FD7404-C63B-AACA-6CEF-04051EF4F7A8</attributeRef>
<attributeRef>276B9CA2-E69B-5A63-CD83-43E03F88B531</attributeRef>
<attributeRef>FCA7E8BE-AA1F-1074-F598-F9833D49E34E</attributeRef>
</usedAttributes>
</identifier>
</identifiers>
</Entity>